LandContour,GarageYrBlt,FullBath,BsmtFinSF1,TotRmsAbvGrd,ExterQual,OpenPorchSF,Heating,Condition2,OverallQual,GarageCars,KitchenQual,KitchenAbvGr,2ndFlrSF,CentralAir,BsmtQual,TotalBsmtSF,Fireplaces,SalePrice
1,2003.0,2,706,8,2,61,2,3,7,2,2,1,854,2,2,856,0,208500
1,1976.0,2,978,6,3,0,2,3,6,2,3,1,0,2,2,1262,1,181500
1,2001.0,2,486,6,2,42,2,3,7,2,2,1,866,2,2,920,1,223500
1,1998.0,1,216,7,3,35,2,3,7,3,2,1,756,2,3,756,1,140000
1,2000.0,2,655,9,2,84,2,3,8,3,2,1,1053,2,2,1145,1,250000
1,1993.0,1,732,5,3,30,2,3,5,2,3,1,566,2,2,796,0,143000
1,2004.0,2,1369,7,2,57,2,3,8,2,2,1,0,2,1,1686,1,307000
1,1973.0,2,859,7,3,204,2,3,7,2,3,1,983,2,2,1107,2,200000
1,1931.0,2,0,8,3,0,2,3,7,2,3,2,752,2,3,952,2,129900
1,1939.0,1,851,5,3,4,2,1,5,1,3,2,0,2,3,991,2,118000
1,1965.0,1,906,5,3,0,2,3,5,1,3,1,0,2,3,1040,0,129500
1,2005.0,3,998,11,1,21,2,3,9,3,1,1,1142,2,1,1175,2,345000
1,1962.0,1,737,4,3,0,2,3,5,1,3,1,0,2,3,912,0,144000
1,2006.0,2,0,7,2,33,2,3,7,3,2,1,0,2,2,1494,1,279500
1,1960.0,1,733,5,3,213,2,3,6,1,3,1,0,2,3,1253,1,157000
1,1991.0,1,0,5,3,112,2,3,7,2,3,1,0,2,3,832,0,132000
1,1970.0,1,578,5,3,0,2,3,6,2,3,1,0,2,3,1004,1,149000
1,1967.0,2,0,6,3,0,2,3,4,2,3,2,0,2,3,0,0,90000
1,2004.0,1,646,6,3,102,2,3,5,2,2,1,0,2,3,1114,0,159000
1,1958.0,1,504,6,3,0,2,3,5,1,3,1,0,2,3,1029,0,139000
1,2005.0,3,0,9,2,154,2,3,8,3,2,1,1218,2,1,1158,1,325300
2,1930.0,1,0,6,3,0,2,3,7,1,2,1,0,2,3,637,1,139400
1,2002.0,2,0,7,2,159,2,3,8,2,2,1,0,2,2,1777,1,230000
1,1976.0,1,840,6,3,110,2,3,5,2,3,1,0,2,2,1040,1,129900
1,1968.0,1,188,6,3,90,2,3,5,1,2,1,0,2,3,1060,1,154000
1,2007.0,2,0,7,2,56,2,3,8,3,2,1,0,2,2,1566,1,256300
1,2005.0,1,234,5,3,32,2,3,5,2,2,1,0,2,3,900,0,134800
1,2008.0,2,1218,7,2,50,2,3,8,3,2,1,0,2,1,1704,1,306000
1,1957.0,1,1277,6,3,258,2,3,5,1,3,1,0,2,3,1484,2,207500
1,1920.0,1,0,4,3,0,2,4,4,1,4,1,0,1,3,520,0,68500
1,1920.0,1,0,6,3,54,2,3,4,1,3,1,668,1,3,649,0,40000
1,1966.0,1,0,6,3,65,2,3,5,1,2,1,0,2,3,1228,0,149350
1,2007.0,2,0,7,2,30,2,3,8,2,2,1,0,2,1,1234,0,179900
1,1959.0,1,1018,6,3,38,2,3,5,2,2,1,0,2,3,1398,1,165500
1,2005.0,2,1153,6,1,47,2,3,9,2,1,1,0,2,1,1561,1,277500
1,2004.0,3,0,9,2,32,2,3,8,3,2,1,1320,2,1,1117,1,309000
1,1995.0,1,0,6,3,64,2,3,5,2,3,1,0,2,2,1097,0,145000
1,1954.0,1,1213,5,3,0,2,3,5,2,3,1,0,2,3,1297,1,153000
1,1953.0,1,731,5,3,52,2,3,5,1,2,1,0,2,3,1057,0,109000
1,2005.0,2,0,6,3,0,2,3,4,0,4,2,0,1,3,0,0,82000
1,1965.0,2,643,6,3,138,2,3,6,2,3,1,0,2,3,1088,1,160000
1,1959.0,1,967,5,3,104,2,3,5,1,3,1,0,2,3,1350,2,170000
1,1983.0,1,747,5,3,0,2,3,5,2,2,1,0,2,2,840,0,144000
1,1977.0,1,280,5,3,0,2,3,5,1,3,1,0,2,2,938,0,130250
1,1959.0,1,179,6,3,0,2,3,5,1,3,1,0,2,3,1150,0,141000
1,2005.0,2,456,6,1,82,2,3,9,2,1,1,0,2,1,1752,1,319900
1,2003.0,1,1351,6,2,43,2,3,7,2,2,1,631,2,1,1434,1,239686
1,2006.0,2,24,7,2,146,2,3,8,3,2,1,0,2,2,1656,0,249700
1,2005.0,2,0,8,3,0,2,3,4,0,3,3,716,2,3,736,0,113000
1,1966.0,1,763,6,3,0,2,3,5,1,3,1,0,2,3,955,0,127000
1,1997.0,2,182,6,3,75,2,3,6,2,3,1,676,2,2,794,0,177000
1,1985.0,1,0,6,3,0,2,3,6,2,3,1,0,2,3,816,1,114500
2,1963.0,1,104,5,4,0,2,3,5,2,3,1,0,1,2,816,0,110000
4,1981.0,0,1810,5,2,72,2,3,9,3,2,1,0,2,1,1842,1,385000
2,1962.0,1,384,6,3,50,2,3,5,2,3,1,0,2,3,384,1,130000
1,1964.0,2,490,7,3,0,2,3,6,2,3,1,0,2,3,1425,1,180500
1,1999.0,2,649,7,2,0,2,3,8,2,2,1,756,2,2,970,0,172500
1,2004.0,2,0,7,2,70,2,3,7,2,2,1,860,2,2,860,0,196500
3,2006.0,3,0,10,1,0,2,3,10,3,2,1,1519,2,1,1410,1,438780
2,1973.0,1,632,4,3,0,2,3,5,1,3,1,0,2,3,780,0,124900
1,2006.0,1,941,5,3,50,2,3,6,2,2,1,0,2,2,1158,0,158000
1,1935.0,1,0,6,3,0,2,3,5,1,4,1,530,1,3,530,0,101000
1,2006.0,2,24,6,2,49,2,3,8,2,2,1,0,2,2,1370,1,202500
2,1990.0,2,0,9,3,11,2,2,7,2,3,1,808,2,3,576,0,140000
1,1998.0,2,739,8,3,36,2,3,7,2,2,1,977,2,2,1057,0,219500
1,2004.0,2,0,9,2,151,2,3,8,3,2,1,1330,2,1,1143,1,317000
1,1970.0,2,912,7,3,0,2,3,7,2,3,1,0,2,2,1947,1,180000
1,2003.0,2,1013,7,2,29,2,3,7,2,2,1,0,2,2,1453,0,226000
1,1945.0,1,0,4,3,0,2,3,4,1,3,1,0,2,3,747,0,80000
1,1953.0,2,603,7,2,21,3,3,7,2,3,1,983,2,3,1304,1,225000
1,1973.0,2,1880,8,3,0,2,3,7,2,3,1,0,2,2,2223,2,244000
1,1987.0,1,565,4,3,0,2,3,4,2,3,1,0,2,3,845,0,129500
1,1998.0,2,0,7,3,94,2,3,7,2,3,1,833,2,2,832,1,185000
1,1989.0,1,320,6,3,0,2,3,5,2,3,1,0,2,3,1086,0,144900
1,1915.0,2,0,8,2,0,2,3,3,1,3,2,765,1,4,840,0,107400
1,1973.0,1,462,5,3,101,2,3,4,1,3,1,462,2,2,462,0,91000
1,1956.0,1,228,4,3,0,2,3,4,1,3,1,0,2,3,952,0,135750
1,1948.0,1,336,6,3,0,2,3,5,1,3,1,213,2,3,672,0,127000
1,2005.0,2,0,8,3,0,2,3,4,0,3,2,0,1,3,1768,0,136500
1,1966.0,1,0,5,3,0,2,3,5,2,3,1,548,2,3,440,0,110000
1,1968.0,2,448,8,3,72,2,3,6,1,2,1,960,2,2,896,1,193500
1,1998.0,2,1201,5,3,199,2,3,6,2,3,1,0,2,1,1237,0,153500
1,2007.0,2,33,6,3,99,2,3,8,3,2,1,0,2,2,1563,1,245000
1,1974.0,1,0,6,3,0,2,3,5,2,3,1,0,2,3,1065,0,126500
1,1995.0,2,0,7,3,72,2,3,7,2,3,1,670,2,2,384,1,168500
1,1991.0,2,0,9,2,82,2,3,8,2,2,1,1116,2,2,1288,1,260000
1,2005.0,2,0,6,2,38,2,3,6,2,2,1,876,2,2,684,1,174000
1,2009.0,2,0,4,2,234,2,3,6,2,2,1,612,2,2,612,0,164500
1,2005.0,1,0,6,4,0,2,2,3,0,4,1,0,1,3,1013,0,85000
1,2005.0,1,588,5,3,0,2,3,4,0,3,1,0,2,2,990,0,123600
1,1950.0,1,0,4,3,29,2,3,4,2,3,1,0,2,3,0,0,109900
1,1961.0,1,600,6,3,0,2,3,5,2,3,1,0,2,3,1235,0,98600
3,1921.0,1,713,5,3,0,2,3,5,2,3,1,0,2,2,876,0,163500
1,1900.0,2,1046,9,3,0,3,3,6,2,3,2,1031,1,3,1214,1,133900
1,1997.0,2,648,7,3,162,2,3,6,2,2,1,881,2,2,824,0,204750
1,1993.0,2,310,6,1,63,2,3,6,2,3,1,790,2,2,680,1,185000
1,1999.0,2,1162,6,2,29,2,3,7,2,2,1,0,2,2,1588,0,214000
3,1965.0,1,520,6,3,0,2,3,4,1,3,1,0,2,3,960,0,94750
1,1920.0,1,108,5,3,0,2,3,5,1,3,1,0,1,3,458,0,83000
1,2005.0,1,569,6,3,0,2,3,4,0,3,1,0,2,3,950,0,128950
1,1977.0,2,1200,6,3,68,2,3,6,2,2,1,0,2,3,1610,2,205000
1,1985.0,2,0,7,2,46,2,3,6,2,2,1,755,2,2,741,1,178000
2,1979.0,2,0,8,3,0,2,3,5,2,3,2,0,2,3,0,0,118964
1,2009.0,2,0,6,3,36,2,3,7,3,2,1,0,2,2,1226,0,198900
1,1951.0,1,224,7,3,0,2,3,7,1,3,1,592,2,3,1040,2,169500
1,2003.0,2,0,9,2,45,2,3,8,2,2,1,939,2,1,1053,1,250000
1,1954.0,1,0,6,3,0,2,3,4,1,3,1,0,2,4,641,0,100000
1,1948.0,1,104,5,3,0,2,3,5,1,3,1,0,2,3,789,0,115000
1,2005.0,2,0,7,3,0,3,3,5,0,4,1,520,1,3,793,0,115000
1,1977.0,2,705,7,3,122,2,3,6,2,3,1,0,2,2,1844,1,190000
1,1954.0,2,444,7,3,0,2,3,6,1,3,1,639,2,3,994,0,136900
1,2000.0,2,250,7,3,0,2,3,7,2,3,1,656,2,2,384,1,180000
1,2007.0,2,984,10,2,184,2,3,7,3,1,1,1414,2,1,1264,1,383970
2,1953.0,2,35,7,3,120,2,3,6,2,2,1,0,2,2,1809,2,217000
1,1945.0,2,774,9,3,0,2,3,6,1,2,1,884,2,3,1028,1,259500
1,1999.0,2,419,5,3,32,2,3,6,2,3,1,729,2,2,729,1,176000
1,1962.0,1,170,6,3,20,2,3,5,1,3,1,0,2,3,1092,1,139000
1,2007.0,1,0,5,3,64,2,3,5,2,3,1,0,2,2,1125,0,155000
1,1990.0,3,1470,11,3,0,2,3,7,3,2,1,1523,2,2,1673,2,320000
1,2005.0,2,0,8,2,24,2,3,6,2,2,1,728,2,2,728,1,163990
4,1969.0,1,938,4,3,130,2,3,6,2,3,1,0,2,3,938,2,180000
1,1979.0,1,0,4,3,0,2,3,4,1,3,1,351,2,3,732,0,100000
1,1958.0,1,570,5,3,0,2,3,6,1,3,1,0,2,3,1080,0,136000
1,1993.0,2,300,5,2,63,2,3,6,2,2,1,0,2,2,1199,0,153900
1,1979.0,2,0,7,3,0,2,3,6,2,3,1,0,2,2,1362,1,181000
1,2005.0,1,490,5,3,0,2,3,6,0,3,1,0,1,3,520,0,84500
1,1977.0,2,120,5,3,205,2,3,6,2,3,1,0,2,2,1078,1,128000
2,2005.0,1,116,5,3,0,2,3,5,0,3,1,0,2,3,672,1,87000
1,1966.0,1,512,6,3,108,2,3,6,2,3,1,688,2,3,660,1,155000
1,1998.0,1,567,6,3,80,2,3,5,2,1,1,0,2,3,1008,0,150000
1,1966.0,2,445,8,3,66,2,3,7,2,2,1,941,2,3,924,2,226000
1,2000.0,2,695,7,2,48,2,3,6,2,2,1,1032,2,2,992,1,244000
1,1974.0,1,405,7,3,0,2,3,5,2,2,1,0,2,3,1063,0,150750
1,2001.0,2,1005,6,2,25,2,3,8,2,2,1,0,2,1,1267,0,220000
1,1968.0,2,570,7,3,96,2,3,5,2,3,1,0,2,3,1461,1,180000
1,1970.0,2,0,7,3,0,2,3,7,2,3,1,0,2,3,1304,1,174000
1,1967.0,2,695,5,3,111,2,3,5,1,3,1,0,2,3,1214,1,143000
1,1989.0,3,0,9,3,0,2,3,7,3,3,2,0,2,3,1907,0,171000
1,1999.0,2,668,7,2,106,2,3,8,3,2,1,848,2,2,1004,2,230000
1,1997.0,2,821,7,3,99,2,3,6,2,2,1,836,2,2,928,0,231500
1,2005.0,1,432,5,3,0,2,3,4,0,3,1,0,2,3,864,1,115000
1,2005.0,2,1300,7,2,24,2,3,7,2,2,1,0,2,2,1734,0,260000
1,2000.0,2,507,6,3,0,2,3,5,2,3,1,475,2,3,910,0,166000
1,1999.0,2,679,6,2,29,2,3,7,2,2,1,0,2,2,1490,0,204000
1,1963.0,2,1332,10,3,0,2,3,5,2,3,2,0,2,3,1728,0,125000
1,2004.0,2,0,7,2,40,2,3,6,2,2,1,739,2,2,970,0,130000
1,1931.0,1,209,5,3,0,2,3,5,1,3,1,0,2,3,715,0,105000
1,2001.0,2,0,8,2,48,2,3,7,2,2,1,1151,2,2,884,1,222500
1,2005.0,1,680,6,3,0,2,3,7,0,2,1,0,2,2,1080,0,141000
1,1936.0,1,0,7,3,114,2,3,5,1,3,1,448,2,2,896,0,115000
1,1975.0,1,716,5,3,0,2,3,5,2,3,1,0,2,3,969,0,122000
1,2007.0,2,1400,6,2,102,2,3,8,3,2,1,0,2,1,1710,1,372402
1,1971.0,2,416,8,3,66,2,3,6,2,3,1,896,2,3,825,1,190000
1,1960.0,1,429,4,3,0,2,3,6,2,3,1,0,2,2,1602,1,235000
1,1923.0,1,0,7,3,0,2,3,6,1,3,1,0,2,3,1200,0,125000
1,2005.0,1,0,5,3,8,4,3,6,0,3,1,524,1,3,572,0,79000
1,1950.0,1,0,5,3,0,2,3,5,2,3,1,0,2,3,0,0,109500
1,2009.0,2,0,8,2,75,2,3,8,3,1,1,1194,2,1,774,1,269500
1,2004.0,2,222,8,2,136,2,3,7,2,2,1,956,2,2,991,1,254900
3,2006.0,2,57,9,2,132,2,3,7,2,2,1,1070,2,2,1392,1,320000
1,1984.0,2,660,6,3,0,2,3,6,2,3,1,0,2,2,1232,0,162500
1,2003.0,2,1016,10,2,0,2,3,9,3,1,1,1096,2,1,1572,2,412500
1,2005.0,2,1201,7,2,70,2,3,7,2,2,1,0,2,2,1541,1,220000
1,2005.0,1,0,4,3,0,2,3,4,0,3,1,0,2,3,882,0,103200
1,1926.0,2,370,5,3,0,2,3,6,1,2,1,467,2,3,1149,0,152000
1,2005.0,2,351,6,3,0,2,3,5,0,3,2,547,2,3,644,0,127500
1,1955.0,1,379,7,2,0,2,3,5,1,3,1,0,2,3,1617,3,190000
1,2007.0,1,1288,8,2,120,2,3,8,3,1,1,551,2,1,1582,1,325624
1,2004.0,2,0,7,2,48,2,3,7,2,2,1,880,2,2,840,1,183500
1,1981.0,2,0,6,2,64,2,3,8,2,3,1,0,2,2,1686,1,228000
1,1991.0,1,360,7,3,0,2,3,5,2,3,1,0,2,3,720,0,128500
1,1960.0,1,639,7,3,62,2,3,6,2,3,1,0,2,3,1080,2,215000
1,1987.0,2,495,5,2,35,2,3,7,2,2,1,703,2,2,1064,1,239000
1,1961.0,1,288,6,3,20,2,3,6,2,3,1,0,2,3,1362,1,163000
1,1986.0,2,1398,7,3,0,2,3,6,2,3,1,0,2,2,1606,1,184000
1,1950.0,2,477,7,3,29,2,3,6,2,2,1,0,2,3,1202,1,243000
1,1988.0,2,831,8,2,228,2,3,6,2,3,1,896,2,2,1151,1,211000
1,1958.0,2,57,8,2,0,2,3,5,2,2,1,668,2,3,1052,1,172500
1,2009.0,2,1904,9,1,60,2,3,9,3,1,1,0,2,1,2216,1,501837
1,1935.0,1,0,5,2,0,2,3,5,2,3,1,0,2,3,968,0,100000
1,2000.0,2,436,5,2,0,2,3,6,2,2,1,756,2,2,756,1,177000
1,1920.0,1,352,9,3,0,2,3,7,1,3,1,901,2,4,793,1,200100
1,1957.0,1,0,7,3,0,2,3,5,1,3,1,0,2,3,0,1,120000
1,2003.0,2,0,6,3,238,2,3,7,2,2,1,720,2,2,1362,0,200000
1,1986.0,1,0,5,3,0,2,2,5,2,3,1,316,2,4,504,0,127000
1,1993.0,2,0,12,2,260,2,3,10,3,1,1,1518,2,3,1107,2,475000
1,1990.0,2,611,6,3,27,2,3,7,2,2,1,0,2,2,1188,0,173000
1,1916.0,2,0,8,3,0,2,3,5,1,3,1,704,2,4,660,0,135000
2,1979.0,0,1086,6,3,0,2,3,5,2,3,2,0,2,2,1086,2,153337
1,2001.0,1,1153,5,2,120,2,3,8,2,1,1,0,2,1,1593,1,286000
2,1932.0,2,297,10,2,74,2,3,8,2,2,1,1178,2,2,853,2,315000
1,1972.0,1,626,7,3,32,2,3,7,2,2,1,754,2,3,725,0,184000
1,1999.0,2,560,6,2,35,2,3,7,2,2,1,0,2,2,1431,0,192000
1,2004.0,2,0,7,2,40,2,3,7,2,2,1,739,2,2,970,0,130000
1,1989.0,1,390,5,3,0,2,3,5,1,3,1,0,2,3,864,0,127000
1,1976.0,2,566,7,3,0,2,3,6,2,3,1,601,2,2,855,1,148500
1,2007.0,2,1126,8,1,138,2,3,7,3,1,1,0,2,1,1726,1,311872
1,1918.0,2,1036,8,2,16,2,3,8,2,2,1,1360,2,3,1360,1,235000
1,2005.0,1,0,8,3,198,2,3,6,0,3,1,929,2,3,755,0,104000
1,2004.0,2,1088,7,2,26,2,3,8,3,1,1,0,2,1,1713,1,274900
1,2003.0,2,0,5,3,64,2,3,4,2,3,1,0,2,2,1121,0,140000
1,1980.0,2,641,6,3,83,2,3,6,2,3,1,0,2,3,1196,2,171500
1,1924.0,2,617,6,3,0,2,3,6,1,3,1,445,2,4,617,0,112000
1,2004.0,1,662,3,2,0,2,3,6,2,2,1,0,2,2,848,1,149000
1,1948.0,1,312,5,3,35,2,3,5,1,3,1,564,2,3,720,0,110000
1,1990.0,2,0,5,3,34,2,3,7,2,3,1,0,2,2,1424,0,180500
1,1962.0,1,0,8,3,30,2,3,5,1,3,1,0,2,3,1140,1,143900
1,1960.0,1,419,6,3,0,2,3,4,1,3,1,0,2,3,1100,1,141000
4,1988.0,2,1065,7,2,55,2,3,7,2,3,1,882,2,2,1157,1,277000
1,1964.0,1,787,6,3,0,2,3,6,2,3,1,0,2,2,1092,0,145000
1,2005.0,1,468,5,3,0,2,3,5,0,3,1,0,1,3,864,0,98000
1,2009.0,2,36,6,3,22,2,3,6,2,2,1,0,2,2,1212,0,186000
1,2009.0,2,822,7,3,108,2,3,7,2,2,1,920,2,2,900,1,252678
1,1996.0,1,716,5,3,0,2,3,5,2,3,1,0,2,2,990,0,156000
1,1977.0,1,378,6,3,36,2,3,6,1,3,1,703,2,2,689,0,161750
1,1957.0,1,360,6,3,0,2,3,5,1,2,1,0,2,3,1070,1,134450
1,2004.0,2,946,8,2,98,2,3,7,2,2,1,0,2,2,1436,0,210000
1,1940.0,1,0,8,3,172,2,3,4,1,3,1,518,1,3,686,0,107000
1,1939.0,1,341,8,2,119,2,3,7,2,2,1,817,2,3,798,2,311500
1,2005.0,2,16,5,2,0,2,3,7,2,2,1,0,2,2,1248,0,167240
1,2006.0,2,0,5,2,33,2,3,7,2,2,1,0,2,2,1498,0,204900
1,2002.0,2,0,8,2,46,2,3,6,2,2,1,1257,2,2,1010,1,200000
1,1975.0,2,550,6,3,208,2,3,6,2,3,1,741,2,2,713,1,179900
1,1989.0,1,524,4,3,0,2,3,4,2,3,1,0,2,3,864,0,97000
1,2003.0,2,56,8,1,105,2,3,10,3,1,1,0,2,1,2392,1,386250
1,1991.0,2,0,6,3,0,2,3,5,1,3,1,672,2,3,630,0,112000
1,1995.0,2,565,9,2,114,2,3,7,3,2,1,1306,2,2,1203,1,290000
1,1987.0,1,321,5,3,0,2,3,6,1,3,1,504,2,3,483,0,106000
1,1974.0,1,842,5,3,0,2,3,5,1,3,1,0,2,3,912,1,125000
1,2005.0,2,16,7,2,20,2,3,7,2,2,1,0,2,2,1373,1,192500
1,1959.0,1,0,6,3,0,2,3,6,1,3,1,0,2,3,1194,0,148000
1,1995.0,2,689,9,2,146,2,3,8,3,1,1,1304,2,2,1462,1,403000
1,1972.0,1,0,5,3,0,2,3,6,1,3,1,504,2,3,483,1,94500
1,1976.0,1,182,5,3,0,2,3,5,1,3,1,0,2,3,894,0,128200
1,2002.0,2,625,8,2,48,2,3,6,2,2,1,1100,2,2,860,2,216500
1,1971.0,1,358,5,3,0,2,3,6,1,3,1,504,2,3,483,0,89500
1,2004.0,2,24,6,2,105,2,3,7,2,2,1,0,2,2,1414,0,185500
1,1993.0,2,402,7,2,70,2,3,7,2,2,1,730,2,2,996,0,194500
1,2007.0,2,0,7,1,228,2,3,8,3,2,1,0,2,1,1694,0,318000
1,1949.0,1,94,7,3,140,2,3,6,1,3,1,689,2,3,735,1,113000
1,2008.0,2,1078,7,2,168,2,3,8,2,2,1,0,2,2,1566,0,262500
1,2005.0,1,329,4,3,42,2,3,5,0,2,1,0,2,3,686,0,110500
1,1940.0,1,0,6,3,0,2,3,5,1,3,1,551,1,3,540,0,79000
1,1980.0,1,0,6,3,28,2,3,6,1,3,1,591,2,2,626,1,120000
1,1994.0,2,695,8,2,130,2,3,7,2,2,1,888,2,2,948,2,205000
1,1988.0,2,929,6,3,39,2,3,7,2,3,1,0,2,2,1845,1,241500
1,1910.0,2,0,9,3,60,2,3,6,1,4,2,1020,1,4,1020,0,137000
1,1954.0,1,0,5,3,30,2,3,6,2,3,1,0,2,3,1367,1,140000
1,2003.0,2,0,8,2,68,2,3,7,2,2,1,828,2,2,840,0,180000
4,1958.0,2,697,7,2,98,2,3,6,2,2,1,700,2,2,1444,2,277000
1,2005.0,1,0,6,3,0,2,3,3,0,4,1,0,2,3,728,0,76500
3,2006.0,2,1573,5,2,0,2,3,8,2,2,1,0,2,2,1573,1,235000
1,2004.0,2,0,6,2,45,2,3,6,2,2,1,842,2,2,798,0,173000
1,1964.0,2,270,7,3,0,2,3,6,1,2,1,0,2,2,1302,0,158000
1,1957.0,1,922,5,3,0,2,3,5,1,3,1,0,2,3,1314,0,145000
1,1999.0,2,0,8,2,0,2,3,7,2,2,1,1286,2,2,975,1,230000
1,2003.0,2,503,7,2,56,2,3,6,2,2,1,864,2,2,864,0,207500
1,2006.0,2,1334,8,2,110,2,3,7,2,2,1,0,2,2,1604,1,220000
1,2001.0,2,361,7,2,96,2,3,7,2,2,1,829,2,2,963,1,231500
1,1956.0,1,0,4,3,45,2,3,5,1,3,1,0,2,3,0,0,97000
1,1991.0,1,672,6,3,0,2,3,6,2,3,1,0,2,3,1362,1,176000
1,2007.0,2,0,10,2,148,2,3,8,3,1,1,1092,2,1,1482,1,276000
1,1978.0,1,506,6,3,12,2,3,6,2,3,1,0,2,2,506,1,151000
1,1974.0,1,234,6,3,0,2,3,5,2,3,1,0,2,3,926,0,130000
2,1965.0,1,0,4,3,0,2,3,5,2,3,1,0,1,4,680,0,73000
1,1981.0,2,588,7,3,0,2,3,6,2,2,1,0,2,2,1422,1,175500
3,1997.0,2,714,8,3,75,2,3,6,2,3,1,709,2,2,802,1,185000
2,1939.0,2,378,8,3,24,2,3,5,1,2,1,720,2,3,720,1,179500
1,1966.0,1,403,4,3,25,2,3,5,1,3,1,0,2,3,740,1,120500
1,1987.0,1,751,6,3,30,2,3,6,1,3,1,0,2,3,1143,1,148000
1,2006.0,2,0,8,2,51,2,3,8,3,2,1,844,2,2,1095,1,266000
4,1954.0,1,226,5,3,0,2,3,7,2,3,1,0,2,2,1385,2,241500
1,1999.0,2,524,9,2,57,2,3,8,3,2,1,1106,2,2,1152,1,290000
1,1958.0,2,620,6,3,0,2,3,6,1,3,1,0,2,3,1240,1,139000
1,1982.0,1,546,5,3,0,2,3,5,1,3,1,0,2,3,816,0,124500
1,1978.0,2,0,5,2,0,3,3,7,2,1,1,596,1,3,952,0,205000
1,2003.0,2,0,7,2,150,2,3,7,2,2,1,0,2,1,1560,0,201000
1,1951.0,1,120,4,3,0,2,3,4,2,3,1,0,2,3,864,0,141000
1,2007.0,2,0,8,1,98,2,3,9,3,1,1,0,2,1,2121,1,415298
1,1977.0,2,392,8,3,117,2,3,7,2,3,1,866,2,2,1160,1,192000
1,1989.0,2,421,7,2,84,2,3,7,2,2,1,807,2,2,807,1,228500
1,2006.0,2,905,5,2,120,2,3,6,2,2,1,0,2,2,1262,0,185000
1,2008.0,2,904,6,2,62,2,3,7,2,2,1,0,2,2,1314,1,207500
1,2008.0,2,0,6,2,150,2,3,8,3,2,1,0,2,2,1468,1,244600
1,1992.0,2,430,5,2,0,2,3,6,2,2,1,0,2,2,1575,0,179200
1,2006.0,2,0,5,2,54,2,3,7,2,2,1,625,2,2,625,0,164700
2,1962.0,1,600,7,3,0,2,3,6,2,2,1,649,2,3,912,1,159000
1,2005.0,1,614,5,3,0,2,3,4,0,3,1,0,2,3,858,0,88000
1,1970.0,1,450,5,3,0,2,3,5,1,3,1,0,2,3,882,0,122000
1,2003.0,1,0,7,3,0,2,3,6,1,3,1,698,2,3,698,0,153575
1,2006.0,2,0,8,2,51,2,3,8,2,2,1,840,2,2,1079,1,233230
2,2005.0,2,210,9,3,184,2,3,5,0,4,1,780,1,3,780,0,135900
1,1949.0,1,292,8,3,0,2,3,5,1,3,1,568,2,3,768,1,131000
1,1977.0,2,795,9,3,250,2,3,7,2,2,1,795,2,3,795,1,235000
1,1953.0,1,1285,7,3,0,2,3,6,2,3,1,0,2,3,1416,2,167000
1,1984.0,1,819,6,3,0,2,3,6,2,3,1,0,2,3,1003,0,142500
1,1950.0,1,420,6,3,0,2,3,5,1,3,1,648,2,3,910,0,152000
1,1997.0,2,649,7,2,10,2,3,7,2,2,1,975,2,2,975,1,239000
1,1968.0,1,384,7,2,0,2,3,6,2,3,1,702,2,3,702,1,175000
1,1950.0,1,0,6,3,36,2,3,6,1,2,1,0,2,3,1092,1,158500
1,1953.0,1,841,5,3,0,2,3,5,1,3,1,0,2,3,1165,2,157000
1,1998.0,2,281,9,2,50,2,3,8,2,2,1,1242,2,2,1028,1,267000
1,2001.0,2,0,6,2,81,2,3,7,3,2,1,0,2,2,1541,1,205000
1,1975.0,1,894,5,3,0,2,3,5,2,3,1,0,2,3,894,0,149900
1,2003.0,3,0,10,3,0,2,3,7,3,2,1,1818,2,3,1470,1,295000
1,2004.0,2,1464,8,2,0,2,3,8,3,2,1,0,2,2,2000,0,305900
1,1990.0,2,700,8,2,44,2,3,7,3,2,1,1121,2,2,700,1,225000
1,2005.0,1,0,6,3,144,2,3,6,0,4,1,371,2,3,319,0,89500
1,1961.0,1,262,4,3,0,2,3,4,2,3,1,0,2,3,861,0,82500
1,2003.0,2,1274,8,2,175,2,3,9,3,1,1,0,2,1,1896,3,360000
1,1993.0,2,518,6,3,63,2,3,6,2,2,1,804,2,2,697,1,165600
1,1948.0,1,680,5,3,0,2,3,6,1,3,1,0,2,3,972,1,132000
1,1939.0,1,507,5,3,0,2,3,5,2,3,1,325,2,2,793,1,119900
4,1965.0,2,1236,8,3,0,3,3,7,2,3,1,0,2,2,2136,2,375000
1,1925.0,1,16,6,3,0,2,3,7,2,1,1,809,2,3,728,1,178000
1,2004.0,2,425,6,2,51,2,3,7,2,2,1,716,2,2,716,1,188500
1,1983.0,2,692,10,2,195,2,3,7,2,1,1,1200,2,2,845,1,260000
1,2006.0,2,0,8,2,46,2,3,8,3,2,1,871,2,2,1088,1,270000
4,1993.0,2,987,9,2,60,2,3,7,3,2,1,1274,2,2,1347,1,260000
1,1980.0,2,1036,6,3,48,2,3,7,2,3,1,0,2,2,1372,2,187500
1,2006.0,3,0,9,3,154,2,3,9,3,2,1,1347,2,1,1249,0,342643
1,2004.0,2,970,10,2,154,2,3,8,3,2,1,1332,2,1,1136,1,354000
1,1987.0,2,28,8,2,96,2,3,7,2,2,1,1177,2,3,1502,1,301000
1,1955.0,1,256,6,3,98,2,3,3,1,3,1,0,2,3,1162,0,126175
1,1961.0,2,0,11,2,0,2,3,7,2,2,1,1080,2,2,710,1,242000
1,1941.0,1,116,5,3,0,2,3,5,2,3,1,0,1,3,720,0,87000
1,1993.0,1,1619,6,2,30,2,3,8,2,2,1,0,2,2,1719,2,324000
1,1960.0,1,565,7,3,45,2,3,6,1,3,1,0,2,3,1383,0,145250
2,1930.0,2,0,10,3,60,2,3,6,2,2,1,689,1,3,844,0,214500
1,1920.0,1,0,6,3,0,2,3,5,1,3,1,596,1,3,596,0,78000
1,2002.0,2,40,10,3,0,2,3,5,1,3,2,0,2,3,1728,0,119000
1,1958.0,1,846,6,3,0,2,3,5,1,3,1,0,2,3,1056,0,139000
1,2003.0,2,1124,7,2,0,2,3,8,3,2,1,0,2,2,3206,1,284000
1,2004.0,2,720,6,2,30,2,3,7,2,2,1,0,2,2,1358,1,207000
1,1998.0,2,828,7,3,38,2,3,6,2,3,1,695,2,2,943,2,192000
3,1965.0,2,1249,7,3,0,2,3,5,2,3,1,167,2,3,1499,2,228950
3,2005.0,2,1249,8,2,51,2,3,9,3,2,1,0,2,1,1922,1,377426
1,2002.0,2,810,7,2,74,2,3,7,2,2,1,0,2,2,1536,0,214000
1,1984.0,2,213,8,2,45,2,3,7,2,2,1,0,2,2,1208,0,202500
1,1958.0,1,585,6,3,0,2,3,6,1,3,1,0,2,3,1215,0,155000
1,2002.0,2,0,9,2,0,2,3,8,2,2,1,915,2,2,967,0,202900
1,1950.0,1,0,4,4,0,2,3,4,1,3,1,0,2,3,721,0,82000
1,1949.0,2,0,6,3,0,6,3,3,2,3,2,0,1,3,0,0,87500
1,2005.0,2,28,6,1,72,2,3,9,2,1,1,0,2,1,1684,1,266000
1,1976.0,1,129,4,3,0,2,3,5,1,3,1,576,2,2,536,0,85000
1,1939.0,1,0,6,3,0,2,3,6,1,4,1,605,2,3,972,1,140200
1,1960.0,1,498,5,3,0,2,3,6,1,3,1,0,2,3,958,0,151500
1,1960.0,2,1270,6,3,40,2,3,6,2,3,1,0,2,3,1478,2,157500
1,2003.0,2,573,6,2,27,2,3,7,2,2,1,862,2,2,764,0,154000
1,2006.0,2,1410,10,1,0,2,3,9,3,1,1,880,2,1,1848,2,437154
1,2007.0,2,0,6,1,54,2,3,9,2,1,1,0,2,1,1869,1,318061
4,1986.0,1,1082,6,3,80,2,3,7,2,2,1,0,2,2,1453,1,190000
1,1941.0,1,236,5,3,0,2,3,5,1,3,1,495,1,3,616,0,95000
1,2005.0,1,0,5,3,0,2,3,6,2,3,1,0,2,3,624,0,105900
2,1940.0,1,388,6,3,0,2,3,6,1,3,1,403,2,3,940,2,140000
1,1995.0,2,334,6,2,26,2,3,6,2,2,1,0,2,2,1200,0,177500
1,1992.0,2,560,6,3,26,2,3,6,2,2,1,0,2,2,1158,0,173000
1,1976.0,1,874,6,3,90,2,3,5,2,3,1,0,2,2,1142,1,134000
1,1958.0,1,300,6,3,0,2,3,5,1,2,1,0,2,3,1062,0,130000
1,1998.0,2,956,7,2,75,2,3,8,2,2,1,838,2,2,1086,1,280000
1,1978.0,1,773,5,3,0,2,3,6,2,3,1,0,2,2,888,1,156000
1,1940.0,1,399,8,3,0,2,3,5,1,3,1,517,2,3,883,0,145000
1,2003.0,3,0,7,2,0,2,3,7,2,2,1,1427,2,3,0,1,198500
1,1972.0,1,162,5,3,0,2,3,6,1,2,1,504,2,3,483,0,118000
1,1976.0,2,712,6,3,111,2,3,6,2,3,1,784,2,2,796,1,190000
1,1964.0,1,456,6,3,128,2,3,5,1,3,1,672,2,3,672,0,147000
1,1963.0,1,609,6,3,76,2,3,6,2,3,1,0,2,2,1394,2,159000
1,1962.0,1,371,6,3,110,2,3,6,1,3,1,0,2,2,1099,1,165000
1,1954.0,1,540,7,3,98,2,3,5,1,3,1,0,2,3,1268,1,132000
1,1997.0,1,72,7,3,17,2,3,5,2,2,1,0,2,3,1063,1,162000
1,2000.0,2,0,7,3,40,2,3,6,2,3,1,711,2,2,953,1,172400
1,1991.0,2,0,7,3,59,2,3,4,2,3,1,468,2,3,0,1,134432
1,1984.0,1,623,4,3,0,2,3,6,1,3,1,0,2,2,744,0,125000
1,1953.0,1,428,5,3,0,2,3,5,1,3,1,0,2,3,608,0,123000
1,2003.0,2,0,8,2,48,2,3,7,2,2,1,1081,2,2,847,1,219500
4,2005.0,0,350,4,4,0,2,3,1,0,4,1,0,1,4,683,0,61000
1,1998.0,1,298,5,2,0,2,3,5,2,3,1,0,2,2,870,0,148000
1,2004.0,3,0,8,2,214,2,3,8,2,2,1,886,2,2,1580,1,340000
1,2010.0,1,1445,8,2,0,2,3,9,3,1,1,0,2,1,1856,1,394432
1,2000.0,2,0,7,3,63,2,3,6,2,3,1,793,2,2,982,1,179000
1,1924.0,2,218,6,3,0,2,3,5,1,2,1,665,2,3,1026,1,127000
1,2006.0,2,0,5,2,121,2,3,7,2,2,1,0,2,2,1293,1,187750
1,2006.0,2,0,8,2,53,2,3,7,2,2,1,858,2,2,939,0,213500
1,1950.0,1,0,5,3,0,2,3,6,2,3,1,0,1,4,784,0,76000
4,1992.0,2,985,9,2,231,2,3,6,2,2,1,874,2,2,1580,2,240000
1,2004.0,2,24,6,2,20,2,3,8,2,2,1,0,2,2,1256,1,192000
1,2005.0,1,0,8,3,151,2,3,5,0,3,1,526,2,3,658,0,81000
1,1977.0,1,631,6,3,0,2,3,6,1,3,1,0,2,3,1041,1,125000
1,1999.0,2,0,6,2,25,2,3,7,2,2,1,0,2,2,1468,0,191000
1,2008.0,2,1280,9,1,134,2,3,10,3,1,1,590,2,1,1682,1,426000
1,1978.0,1,241,7,3,130,2,3,5,1,3,1,406,2,3,861,0,119000
1,2001.0,2,690,7,3,192,2,3,6,2,2,1,1157,2,1,804,1,215000
1,1959.0,1,0,5,3,0,2,3,5,1,3,1,0,2,3,0,0,106500
1,2005.0,1,266,4,3,0,2,3,4,0,3,1,0,2,3,788,2,100000
1,1940.0,1,0,5,3,39,2,3,5,1,3,1,299,2,3,735,0,109000
1,1956.0,1,739,6,3,0,2,3,5,1,3,1,0,2,3,1144,0,129000
4,1985.0,1,777,6,3,0,2,3,5,2,3,1,0,2,3,894,0,123000
1,1962.0,2,540,8,3,168,2,3,5,1,3,1,936,2,3,864,1,169500
1,1920.0,1,0,6,3,0,2,3,5,1,3,1,0,2,4,961,0,67000
1,2007.0,2,812,7,2,168,2,3,7,2,2,1,438,2,2,1092,0,241000
1,1996.0,1,786,4,2,30,2,3,8,2,1,1,0,2,2,1260,2,245500
1,2005.0,2,24,6,2,0,2,3,7,2,2,1,0,2,2,1310,1,164990
1,1940.0,1,0,4,3,0,2,3,5,1,3,1,0,2,3,672,0,108000
1,1998.0,2,0,10,2,123,2,3,8,2,2,1,1098,2,2,1141,1,258000
1,1995.0,2,0,7,3,40,2,3,6,2,3,1,766,2,2,806,1,168000
1,1993.0,2,1116,8,3,78,2,3,4,2,3,1,0,2,3,1281,1,150000
1,1936.0,1,0,6,3,0,2,3,6,1,3,1,0,2,3,1064,0,115000
1,1960.0,2,0,8,3,0,2,3,6,1,3,1,840,2,2,840,0,177000
1,2006.0,2,0,9,2,62,2,3,7,3,2,1,1101,2,1,1063,1,280000
1,2008.0,2,789,8,2,102,2,3,8,3,1,1,1028,2,1,1034,1,339750
1,1958.0,1,0,5,3,0,2,3,5,1,3,1,0,2,3,1276,0,60000
2,1955.0,1,1056,5,3,0,2,3,5,2,3,1,0,1,3,1056,0,145000
1,2009.0,2,578,7,1,144,2,3,7,2,2,1,0,2,1,1470,1,222000
1,1927.0,1,0,5,3,0,2,3,5,2,3,1,0,2,3,1008,1,115000
1,1993.0,2,50,9,2,187,2,3,7,3,2,1,1017,2,2,1080,1,228000
1,2007.0,2,24,6,2,30,2,3,7,2,2,1,0,2,2,1340,0,181134
1,1978.0,1,209,6,3,0,2,3,6,2,3,1,728,2,3,672,1,149500
1,1918.0,2,1128,10,3,0,3,3,6,3,3,1,1254,1,2,1370,1,239000
1,1940.0,1,312,7,3,0,2,3,5,1,3,1,378,1,3,756,0,126000
1,1968.0,1,775,6,3,85,2,3,5,1,3,1,0,2,3,1056,1,142000
1,1997.0,2,1309,8,3,0,2,3,7,4,3,2,0,2,2,1344,0,206300
1,1977.0,2,1246,8,2,0,2,3,6,2,2,1,0,2,2,1602,1,215000
3,1954.0,1,0,4,3,0,2,3,5,2,3,1,0,2,3,988,0,113000
1,1998.0,2,986,8,2,66,2,3,8,3,2,1,1160,2,2,1470,1,315000
1,1956.0,1,616,6,3,44,2,3,6,1,3,1,0,2,2,1196,1,139000
3,1947.0,1,0,6,3,0,2,3,7,1,3,1,682,2,3,651,2,135000
4,1989.0,2,1518,5,2,0,2,3,7,2,2,1,0,2,2,1518,1,275000
1,1964.0,1,288,5,3,0,2,3,4,1,3,1,0,2,3,907,0,109008
1,2007.0,2,664,6,2,54,2,3,7,2,2,1,0,2,2,1208,0,195400
1,1988.0,2,1005,6,3,0,2,3,6,2,2,1,0,2,2,1392,1,175000
1,1971.0,1,387,4,3,0,2,3,6,1,3,1,504,2,3,483,0,85400
2,2005.0,1,0,7,3,98,2,3,6,0,3,1,110,2,3,901,0,79900
1,1971.0,1,471,6,3,36,2,3,5,2,3,1,600,2,3,765,0,122500
1,1997.0,2,0,7,3,36,2,3,6,2,3,1,678,2,2,926,1,181000
1,2005.0,1,495,3,3,0,2,3,4,0,3,1,0,2,2,630,0,81000
1,1996.0,2,385,6,2,61,2,3,7,2,2,1,834,2,2,799,1,212000
1,1990.0,1,0,6,3,0,2,3,6,2,3,1,384,2,4,648,0,116000
1,1926.0,1,0,4,2,0,2,3,6,1,3,1,0,2,3,884,0,119000
1,1990.0,1,365,4,3,0,2,3,5,1,2,1,0,1,3,440,1,90350
1,2005.0,1,0,7,3,46,2,3,6,2,2,1,512,2,3,684,0,110000
1,2008.0,2,1767,10,1,72,2,3,10,3,1,1,0,2,1,3094,2,555000
1,2005.0,2,133,8,3,0,2,3,4,0,4,2,0,1,3,1440,0,118000
1,1930.0,2,0,8,3,0,2,3,5,2,3,1,445,2,3,1078,1,162900
1,2007.0,2,0,6,2,16,2,3,7,3,2,1,0,2,1,1258,1,172500
1,1994.0,2,642,8,2,133,2,3,7,2,2,1,975,2,2,915,1,210000
1,1956.0,1,0,7,3,0,2,3,6,2,3,1,0,2,3,1436,1,127500
1,1966.0,2,247,6,2,0,2,3,6,2,2,1,0,2,3,1517,1,190000
1,1998.0,2,0,10,2,0,2,3,7,2,2,1,930,2,2,930,1,199900
2,1937.0,2,0,7,3,0,2,3,6,1,3,1,596,2,3,780,1,119500
1,1981.0,1,331,6,3,176,2,3,3,1,3,1,504,2,3,649,0,120000
1,1932.0,1,0,5,3,113,2,3,6,1,2,1,0,2,3,813,0,110000
4,1975.0,2,655,5,3,54,2,3,7,2,2,1,0,2,2,1533,2,280000
1,1996.0,2,742,7,2,122,2,3,6,2,3,1,868,2,1,872,0,204000
1,2008.0,2,0,6,2,30,2,3,8,2,2,1,804,2,2,768,0,210000
1,1976.0,2,1606,8,3,0,2,3,5,2,3,2,0,2,3,1728,0,188000
1,1973.0,1,916,6,3,0,2,3,7,2,3,1,0,2,3,1242,1,175500
1,1916.0,1,0,7,3,0,2,3,5,3,3,1,720,1,3,624,0,98000
4,1954.0,1,1116,6,3,137,2,3,4,2,2,1,0,2,2,1364,2,256000
1,1925.0,1,0,7,3,63,2,3,8,1,2,1,833,2,3,588,1,161000
2,1950.0,1,185,5,3,0,2,3,5,1,2,1,224,2,3,709,1,110000
1,2009.0,2,544,8,2,150,2,3,8,2,3,1,1103,2,2,832,0,263435
1,1971.0,1,350,6,2,0,2,3,7,2,2,1,560,2,2,560,0,155000
1,1965.0,1,553,5,3,0,2,3,5,1,3,1,0,2,3,864,1,62383
3,1939.0,1,326,6,3,0,2,3,6,1,3,1,811,2,3,715,1,188700
3,2005.0,2,616,5,3,0,2,3,5,0,3,1,0,2,2,1040,0,124000
1,2004.0,2,0,6,2,20,2,3,7,2,2,1,0,2,2,1375,1,178740
1,1970.0,1,778,5,3,0,2,3,7,2,3,1,0,2,3,1277,1,167000
1,1942.0,1,386,7,3,0,2,3,5,1,2,1,756,2,3,728,2,146500
1,2006.0,2,0,7,2,44,2,3,8,3,2,1,0,2,2,1626,1,250000
1,1993.0,2,426,7,2,70,2,3,6,2,2,1,878,2,2,832,0,187000
1,1985.0,1,368,4,2,54,2,3,8,2,2,1,0,2,2,1488,0,212000
1,1977.0,2,0,8,3,0,2,3,7,2,3,1,808,2,2,808,1,190000
1,2005.0,1,459,5,3,28,2,3,6,2,3,1,0,2,2,547,0,148000
1,2006.0,2,1350,7,2,63,2,3,8,3,2,1,0,2,1,1976,1,440000
1,2000.0,2,1196,6,2,48,2,3,8,2,1,1,0,2,2,1494,0,251000
1,1996.0,1,630,5,3,24,2,3,5,2,3,1,0,2,3,970,0,132500
1,1997.0,2,994,7,3,39,2,3,6,2,2,1,0,2,2,1478,1,208900
1,2006.0,2,0,9,1,84,2,3,9,3,1,1,574,2,2,2153,1,380000
1,2007.0,2,1288,7,2,44,2,3,8,3,2,1,0,2,1,1705,1,297000
2,1995.0,1,168,7,3,72,2,3,4,2,3,1,0,2,4,907,0,89471
1,2004.0,2,1261,8,2,112,2,3,9,3,2,1,0,2,1,1833,1,326000
3,2003.0,2,1567,6,2,49,2,3,9,3,1,1,0,2,1,1792,1,374000
1,1915.0,1,299,7,2,0,2,3,7,1,1,1,910,2,3,910,1,155000
1,1998.0,2,897,5,3,125,2,3,6,2,3,1,0,2,1,1216,0,164000
1,1963.0,1,588,6,3,132,2,3,5,1,2,1,0,2,3,999,0,132500
1,1950.0,1,607,5,2,80,2,3,5,1,2,1,0,2,3,1113,1,147000
1,1965.0,1,836,6,3,0,2,3,5,2,3,1,0,2,3,1073,0,156000
1,1971.0,2,998,7,3,0,2,3,5,2,3,1,0,2,2,1484,1,175000
1,1970.0,2,664,10,3,0,2,3,5,2,3,2,648,1,3,954,1,160000
1,1970.0,1,515,3,3,0,2,3,4,1,2,1,0,2,2,630,0,86000
1,1976.0,1,0,4,3,24,2,3,5,1,3,1,688,2,2,264,1,115000
1,1941.0,1,403,5,3,0,2,3,6,1,4,1,620,2,3,806,2,133000
1,2006.0,2,0,8,2,0,2,3,6,2,3,1,728,2,2,728,0,172785
1,1964.0,1,374,6,3,0,2,3,5,1,3,1,0,2,3,1269,1,155000
1,1938.0,1,0,4,3,20,2,3,5,1,3,1,0,2,4,190,0,91300
1,2005.0,1,495,4,3,523,2,3,4,0,3,1,0,1,3,720,0,34900
1,1992.0,3,1231,10,2,75,2,3,8,2,2,1,0,2,2,3200,1,430000
1,1925.0,2,329,8,3,100,2,3,7,1,3,1,687,2,3,1026,0,184000
1,1967.0,1,450,5,3,0,2,3,5,1,2,1,0,2,3,864,0,130000
1,1958.0,1,111,5,3,285,2,3,5,1,3,1,0,2,3,912,0,120000
1,1973.0,1,356,7,3,28,2,3,6,1,3,1,546,2,3,672,0,113000
1,2005.0,2,400,7,2,108,2,3,7,2,2,1,902,2,2,866,0,226700
1,1965.0,1,698,6,3,0,2,3,5,2,3,1,0,2,3,1214,0,140000
1,1959.0,2,1247,6,3,54,2,3,7,2,3,1,0,2,3,1501,2,289000
1,1974.0,2,257,6,3,0,2,3,6,2,3,1,467,2,3,855,1,147000
1,1952.0,2,0,10,3,0,2,3,5,2,3,2,1000,2,3,960,0,124500
1,1993.0,2,380,8,2,81,2,3,8,2,2,1,846,2,2,777,1,215000
1,2009.0,2,27,4,2,102,2,3,6,2,2,1,0,2,2,1218,0,208300
1,1928.0,2,141,7,3,0,2,3,7,2,2,1,689,2,3,689,1,161000
1,1959.0,1,991,6,3,88,2,3,5,1,3,1,0,2,3,1041,0,124500
1,1951.0,1,650,6,2,42,2,3,5,1,3,1,0,2,3,1008,2,164900
1,2005.0,2,0,6,2,35,2,3,7,2,2,1,0,2,2,1368,1,202665
1,1964.0,1,521,5,3,0,2,3,5,2,3,1,0,2,3,864,0,129900
2,1983.0,1,336,5,3,0,2,3,6,2,3,1,0,2,3,1084,0,134000
1,1926.0,1,0,5,3,0,4,3,5,1,3,1,0,1,3,768,0,96500
1,2009.0,2,1436,9,1,54,2,3,10,3,1,1,0,2,1,2006,1,402861
1,1972.0,2,0,7,3,104,2,3,6,2,3,1,741,2,3,689,1,158000
1,1996.0,2,0,7,2,0,2,3,7,3,2,1,1067,2,2,1264,1,265000
1,1998.0,2,706,7,3,36,2,3,6,2,3,1,914,2,2,794,0,211000
1,1926.0,1,0,9,2,0,2,3,7,1,2,1,804,2,2,1276,2,234000
1,2005.0,2,0,7,3,114,2,3,4,0,3,2,600,1,3,0,0,106250
1,1957.0,1,777,6,3,40,2,3,6,1,3,1,0,2,3,1244,2,150000
1,1950.0,2,399,7,3,24,2,3,6,2,3,1,660,2,3,1004,2,159000
2,2007.0,3,2260,11,1,406,2,6,10,3,1,1,1538,2,1,3138,1,184750
1,1996.0,2,719,8,2,60,2,3,7,3,2,1,1015,2,2,1379,1,315750
1,2005.0,2,0,6,2,144,2,3,7,2,2,1,0,2,2,1257,1,176000
1,1956.0,1,377,4,3,0,2,3,5,1,3,1,0,2,2,928,0,132000
1,2008.0,2,1330,11,1,66,2,3,9,3,1,1,1237,2,1,1452,1,446261
1,2005.0,1,348,5,3,0,2,3,4,0,3,1,0,2,3,528,0,86000
1,1975.0,3,1219,9,2,0,2,3,6,2,3,2,0,2,3,2035,2,200624
1,1988.0,2,783,5,2,0,2,3,6,2,2,1,0,2,2,1461,1,175000
1,1920.0,2,0,6,3,0,2,2,6,2,3,1,611,2,4,611,0,128000
1,1967.0,1,0,5,3,0,2,3,5,1,3,1,0,2,3,0,1,107500
4,2005.0,1,0,2,4,0,2,3,1,0,4,1,0,1,3,0,0,39300
1,2004.0,2,0,6,2,35,2,3,8,2,2,1,707,2,1,707,1,178000
1,2005.0,1,969,5,3,0,2,3,5,0,3,1,527,2,2,1117,0,107500
1,1998.0,2,0,8,3,155,2,3,7,2,2,1,844,2,2,880,0,188000
1,1980.0,1,600,5,3,0,2,3,4,2,3,1,0,2,3,864,0,111250
1,1968.0,1,673,7,3,0,2,3,5,1,3,1,0,2,3,1051,1,158000
1,2001.0,2,1358,6,2,0,2,3,8,2,2,1,0,2,2,1581,1,272000
1,2006.0,2,1260,8,1,68,2,3,9,3,1,1,0,2,1,1838,1,315000
1,2000.0,2,0,8,2,56,2,3,8,3,2,1,1288,2,2,969,1,248000
1,1998.0,2,144,7,2,73,2,3,7,2,2,1,0,2,1,1650,1,213250
1,1998.0,1,584,4,3,40,2,3,7,1,3,1,0,2,2,723,0,133000
1,2006.0,2,554,7,2,24,2,3,7,2,2,1,832,2,2,654,1,179665
1,1988.0,2,1002,9,2,0,2,3,7,3,2,1,806,2,2,1204,0,229000
2,1950.0,1,300,6,3,38,2,3,6,2,3,1,720,2,2,1065,1,210000
1,1987.0,1,619,5,3,0,2,3,5,2,3,1,0,2,2,768,0,129500
3,1963.0,1,180,4,3,50,2,4,5,2,3,1,0,2,3,825,0,125000
1,2003.0,2,0,8,2,182,2,3,7,2,2,1,1182,2,2,912,1,263000
1,1977.0,2,559,4,3,55,2,3,6,2,3,1,0,2,2,1069,0,140000
1,1957.0,1,308,5,3,0,2,3,5,1,3,1,0,2,3,928,0,112500
1,2006.0,2,0,7,2,39,2,3,8,3,2,1,0,2,1,1709,1,255500
1,2002.0,2,0,5,3,96,2,3,4,2,2,1,0,2,3,0,0,108000
1,2003.0,2,866,8,2,62,2,3,7,3,2,1,1040,2,2,998,1,284000
1,1922.0,1,0,5,3,0,2,3,5,1,3,1,0,2,3,993,1,113000
1,1957.0,1,895,6,3,0,2,3,5,1,3,1,0,2,3,1092,1,141000
4,1994.0,1,637,7,3,47,2,3,4,1,3,1,439,2,3,637,0,108000
3,1996.0,2,604,6,3,22,2,3,7,2,3,1,717,2,2,729,1,175000
1,2003.0,2,0,7,2,20,2,3,7,2,2,1,0,2,2,1374,1,234000
1,1957.0,1,1302,5,3,0,2,3,5,2,3,1,0,2,2,1392,1,121500
1,1975.0,1,1071,6,3,38,2,3,5,2,3,1,0,2,2,1389,1,170000
1,2005.0,1,290,6,3,0,2,3,5,0,3,1,0,2,3,996,1,108000
1,1955.0,2,0,8,3,36,2,3,6,2,3,1,511,2,2,1163,1,185000
1,1992.0,2,728,9,2,40,2,3,7,2,2,1,1129,2,2,1095,1,268000
2,1920.0,1,0,6,3,66,2,3,6,1,4,1,806,1,2,806,0,128000
1,2005.0,2,0,11,2,39,2,3,9,3,1,1,1370,2,2,1122,1,325000
1,2004.0,2,2,7,2,0,2,3,7,2,2,1,0,2,2,1517,0,214000
4,1983.0,1,1441,5,2,40,2,3,8,2,2,1,636,2,2,1496,1,316600
1,1979.0,1,943,4,3,0,2,3,5,2,3,1,0,2,2,943,2,135960
1,1987.0,2,231,10,3,0,2,3,5,2,3,2,0,2,3,1728,0,142600
1,1959.0,1,414,4,3,0,2,3,6,1,2,1,0,2,3,864,0,120000
3,2009.0,2,0,6,3,114,2,3,7,2,2,1,846,2,1,846,0,224500
1,2000.0,2,0,8,3,0,2,3,7,2,3,1,656,2,2,384,1,170000
1,1971.0,1,349,5,3,0,2,3,5,1,3,1,533,2,3,372,0,139000
1,1947.0,1,442,6,3,0,2,3,5,1,3,1,384,2,3,832,0,118500
1,1928.0,2,0,6,3,50,2,3,7,1,3,1,600,2,3,861,1,145000
1,1966.0,1,328,6,3,68,2,3,5,2,3,1,0,2,3,1164,2,164500
1,2007.0,2,0,5,2,102,2,3,7,2,2,1,689,2,2,689,0,146000
1,1954.0,2,0,7,3,0,2,3,5,1,3,1,745,1,3,1050,0,131500
1,1960.0,1,594,7,3,110,2,3,6,2,2,1,0,2,3,1144,2,181900
1,2009.0,2,0,8,1,90,2,3,8,3,1,1,0,2,1,2042,1,253293
1,2005.0,1,816,5,3,32,2,3,6,0,3,1,0,2,2,816,0,118500
1,1988.0,3,0,9,1,502,2,7,10,2,2,1,1254,2,3,1237,1,325000
1,1935.0,1,0,6,3,0,2,3,4,1,2,1,584,2,3,884,0,133000
1,2005.0,2,1460,7,2,66,2,3,8,3,2,1,0,2,1,1868,2,369900
1,1961.0,1,210,5,3,0,2,3,6,1,4,1,0,2,3,816,0,130000
1,1996.0,1,672,4,3,0,2,3,5,2,3,1,0,2,3,840,0,137000
4,1968.0,1,1324,5,3,48,2,3,5,1,1,1,0,2,3,1437,2,143000
1,1988.0,1,0,4,3,0,2,2,5,1,3,1,0,2,3,742,0,79500
1,2004.0,2,490,6,2,45,2,3,7,2,2,1,812,2,2,770,0,185900
1,2008.0,2,1338,10,1,274,2,3,10,3,1,1,568,2,1,1722,1,451950
1,1985.0,1,816,4,3,0,2,3,5,2,3,1,0,2,3,816,0,138000
1,2003.0,1,685,4,2,0,2,3,6,2,2,1,0,2,2,848,0,140000
1,1981.0,1,0,5,3,0,2,3,5,1,3,1,0,2,2,924,0,110000
1,2005.0,2,1422,7,2,75,2,3,8,3,2,1,0,2,2,1814,1,319000
1,1930.0,1,0,7,3,158,2,3,6,1,3,1,684,1,3,684,0,114504
1,2006.0,0,0,7,2,16,2,3,7,3,2,1,0,2,1,1258,1,194201
2,1977.0,2,1283,7,3,0,2,3,5,2,2,1,0,2,2,1430,1,217500
1,1980.0,2,81,6,3,0,2,3,6,2,3,1,840,2,2,716,1,151000
1,2003.0,2,546,8,2,60,2,3,8,2,1,1,846,2,2,1058,1,275000
2,1979.0,1,0,6,3,162,2,3,6,1,2,1,595,2,3,780,1,141000
1,1992.0,2,789,8,2,150,2,3,8,2,2,1,988,2,2,908,1,220000
1,2004.0,2,0,4,2,172,2,3,7,2,2,1,600,2,2,600,0,151000
1,2002.0,2,922,6,2,36,2,3,7,2,2,1,0,2,2,1494,1,221000
1,1965.0,2,454,7,3,42,2,3,7,2,3,1,800,2,3,768,3,205000
4,2000.0,1,732,6,3,0,2,3,5,2,2,1,0,2,2,1040,0,152000
2,1948.0,3,603,8,3,0,2,3,5,1,1,1,896,2,3,896,0,225000
3,1934.0,2,428,10,3,0,2,3,8,2,3,1,1254,2,2,965,2,359100
1,1961.0,1,903,5,3,0,2,3,4,1,3,1,0,2,3,1029,0,118500
1,2000.0,2,904,8,2,142,2,3,9,3,1,1,677,2,1,1440,2,313000
1,1978.0,2,605,6,3,0,2,3,6,2,3,1,0,2,2,1032,1,148000
1,2001.0,2,990,7,2,122,2,3,8,2,1,1,573,2,2,1299,1,261500
1,2005.0,1,206,6,3,30,2,3,5,0,3,1,0,2,2,1120,0,147000
1,2005.0,1,150,3,3,24,2,3,4,0,3,1,0,2,2,630,0,75500
1,1963.0,1,763,6,3,0,2,3,6,2,2,1,0,2,3,936,0,137500
1,2002.0,2,457,7,2,75,2,3,6,2,2,1,702,2,2,783,1,183200
3,1962.0,1,0,4,3,0,2,3,6,2,2,1,0,2,3,832,0,105500
1,2007.0,2,48,9,1,108,2,3,9,3,2,1,0,2,1,1822,1,314813
1,2003.0,2,871,10,2,0,2,3,8,3,2,1,780,2,2,1482,2,305000
1,2005.0,1,41,5,3,0,2,3,3,0,3,1,0,1,3,864,0,67000
1,1974.0,2,956,9,3,243,2,3,6,2,3,1,1066,2,3,1522,1,240000
1,1986.0,1,560,6,3,0,2,3,5,2,3,1,0,2,3,980,0,135000
1,2000.0,2,420,4,2,32,2,3,6,2,2,1,756,2,2,756,1,168500
1,1972.0,1,247,8,3,0,2,3,6,2,3,1,778,2,3,732,1,165150
1,1962.0,1,0,5,3,0,2,3,6,2,3,1,0,2,3,1116,0,160000
1,1960.0,1,0,6,3,0,2,3,5,1,3,1,0,2,3,978,1,139900
1,1955.0,1,674,7,3,0,2,3,6,1,3,1,0,2,3,1156,2,153000
3,1969.0,1,650,9,3,0,2,3,5,2,4,1,1040,2,2,1040,2,135000
1,1964.0,1,624,6,3,0,2,3,6,2,3,1,0,2,3,1248,0,168500
1,1937.0,1,0,8,3,0,2,3,5,1,1,1,661,2,4,636,0,124000
1,2006.0,2,24,6,2,73,2,3,8,2,2,1,0,2,2,1554,1,209500
1,1977.0,2,822,6,3,0,2,3,7,2,3,1,0,2,3,1386,1,82500
1,1954.0,1,480,6,3,0,2,3,5,1,3,1,0,2,3,1056,0,139400
1,1980.0,0,1056,4,3,56,2,3,6,2,3,2,0,2,3,1056,0,144000
2,2005.0,2,256,14,4,110,2,3,6,0,4,2,1440,2,3,1440,0,200000
1,2005.0,1,0,4,4,0,4,3,2,0,4,1,0,1,3,264,1,60000
1,1954.0,2,0,7,3,0,2,3,5,1,2,2,576,2,3,811,0,93000
1,2005.0,1,0,4,3,0,2,3,5,0,3,1,0,2,4,796,0,85000
1,2006.0,2,1154,7,2,0,2,3,8,3,1,1,0,2,2,1520,1,264561
1,2003.0,1,1218,6,1,140,2,3,8,2,1,1,0,2,1,1518,1,274000
1,2001.0,2,738,7,2,235,2,3,7,2,2,1,872,2,2,1057,1,226000
1,1972.0,2,1410,9,2,111,2,3,8,2,1,1,704,2,2,1952,3,345000
1,1969.0,2,493,7,3,0,2,3,5,2,3,1,840,2,3,780,0,152000
1,2009.0,2,1121,7,1,130,2,3,9,3,1,1,0,2,1,1766,1,370878
1,1979.0,1,282,5,3,312,2,3,6,2,3,1,0,2,3,981,0,143250
1,1950.0,1,0,7,3,27,2,3,5,2,3,1,0,2,3,0,0,98300
1,1953.0,1,500,5,3,0,2,3,6,2,3,1,0,2,3,1094,2,155000
1,1966.0,1,0,7,3,124,2,3,6,2,3,1,788,2,3,756,1,155000
1,2005.0,1,131,3,3,0,2,3,4,0,3,1,0,2,2,630,0,84500
1,2007.0,2,0,7,2,0,2,3,7,2,2,1,843,2,2,813,0,205950
1,1940.0,1,0,7,3,0,2,3,4,1,3,1,755,2,3,755,1,108000
1,1996.0,2,0,7,2,120,2,3,7,2,2,1,807,2,2,880,1,191000
1,1906.0,1,0,7,3,0,2,3,6,1,3,1,713,2,3,756,0,135000
1,1995.0,2,1696,7,2,46,2,3,8,3,2,1,0,2,2,2109,1,350000
1,1971.0,1,0,6,3,0,2,3,6,1,3,1,567,2,3,525,0,88000
1,1959.0,1,806,5,2,0,2,3,5,1,2,1,0,2,3,1053,0,145500
3,1931.0,1,0,6,3,0,2,3,7,1,3,1,651,2,2,776,1,149000
1,1948.0,1,0,6,3,0,2,3,6,1,3,1,546,2,3,912,1,97500
1,1968.0,1,637,7,3,0,2,3,5,2,3,1,0,2,3,1486,0,167000
1,1976.0,2,0,7,3,113,2,3,7,2,3,1,793,2,2,793,1,197900
1,1994.0,2,1361,8,2,76,2,3,8,3,2,1,762,2,2,1629,1,402000
1,1968.0,1,0,5,3,0,2,3,6,2,3,1,0,2,4,1392,2,110000
1,1974.0,2,920,6,3,0,2,3,4,2,3,1,0,2,2,1138,0,137500
1,2005.0,1,1721,8,2,267,2,3,8,3,1,1,0,2,1,2077,1,423000
1,2000.0,2,0,7,2,124,2,3,8,2,2,1,482,2,2,1406,1,230500
1,1965.0,2,187,7,3,265,2,3,6,2,3,1,915,2,2,1021,1,129000
1,1994.0,2,1138,7,3,42,2,3,6,2,2,1,0,2,2,1408,1,193500
2,1999.0,1,988,6,3,0,2,3,5,2,3,1,0,2,3,1188,1,168000
1,1922.0,1,0,5,3,0,2,3,4,1,4,1,0,2,4,700,1,137500
1,2005.0,2,193,7,2,35,2,3,6,2,2,1,738,2,2,738,0,173500
1,1930.0,2,551,6,3,0,2,3,6,1,3,1,672,1,3,672,0,103600
1,1977.0,1,767,6,2,42,2,3,6,2,3,1,0,2,2,1208,1,165000
1,1957.0,2,1186,7,3,87,2,3,6,2,2,1,0,2,3,1477,2,257500
1,1965.0,1,892,5,3,0,2,3,6,1,3,1,0,2,3,1136,1,140000
1,1978.0,2,311,7,3,0,2,3,6,2,3,1,586,2,3,855,1,148500
1,1920.0,2,0,8,3,0,3,3,4,3,3,2,679,1,3,1095,0,87000
1,1924.0,1,0,5,2,0,2,3,5,1,2,1,0,2,3,768,0,109500
1,2008.0,2,0,7,2,82,2,3,8,3,2,1,0,2,1,2046,1,372500
1,1963.0,1,827,5,3,0,2,3,5,2,3,1,0,2,3,988,0,128500
1,1980.0,2,543,5,3,0,2,3,6,1,3,1,0,2,2,923,1,143000
2,1968.0,1,182,6,3,0,2,3,5,1,3,1,672,2,3,793,0,159434
3,1996.0,1,1003,6,3,0,2,3,6,2,2,1,0,2,2,1291,1,173000
1,2002.0,2,1059,7,2,45,2,3,9,3,2,1,0,2,2,1626,1,285000
1,1998.0,2,0,7,2,81,2,3,7,2,3,1,644,2,2,1195,0,221000
1,1984.0,2,828,6,2,0,2,3,7,2,2,1,900,2,2,1190,1,207500
1,2007.0,3,0,7,2,105,2,3,7,2,2,1,887,2,2,874,0,227875
1,2004.0,2,239,4,2,60,2,3,7,2,2,1,551,2,2,551,0,148800
3,2007.0,2,945,7,2,0,2,3,8,2,2,1,0,2,2,1419,1,392000
1,2005.0,2,20,6,2,28,2,3,6,2,2,1,0,2,2,1362,1,194700
1,2004.0,1,697,3,2,0,2,3,6,2,2,1,0,2,2,848,1,141000
1,1994.0,3,1455,10,1,50,2,3,10,3,1,1,1872,2,1,2444,2,755000
1,1989.0,2,965,9,2,27,2,3,7,2,2,1,1281,2,2,1210,2,335000
1,1968.0,1,0,4,3,0,2,3,5,1,3,1,0,2,3,1073,0,108480
1,1995.0,1,0,5,3,0,2,3,5,2,3,1,472,2,3,927,0,141500
1,1987.0,2,980,5,3,0,2,3,6,2,2,1,0,2,2,1112,1,176000
1,1921.0,1,616,4,3,0,2,3,5,1,3,1,0,2,3,616,0,89000
1,1952.0,1,210,6,3,0,2,3,5,1,3,1,0,2,1,980,0,123500
1,1973.0,1,553,5,3,144,2,3,5,1,3,1,0,2,3,894,1,138500
1,2004.0,2,16,5,2,158,2,3,7,2,2,1,0,2,2,1391,0,196000
1,2002.0,2,1274,7,2,78,2,3,8,3,2,1,0,2,1,1800,1,312500
1,1969.0,1,0,6,3,0,2,3,7,2,3,1,0,2,3,1164,0,140000
1,2006.0,2,0,10,1,100,2,3,8,3,1,1,1312,2,1,1234,1,361919
1,1999.0,2,0,8,3,0,2,3,5,2,2,2,780,2,2,360,1,140000
1,2004.0,2,712,7,2,35,2,3,7,2,2,1,0,2,2,1473,0,213000
1,2005.0,2,0,7,4,0,2,3,4,0,4,2,720,1,3,0,0,55000
4,1971.0,2,1219,5,3,48,2,3,7,2,2,1,0,2,2,1643,2,302000
1,2006.0,2,863,6,2,38,2,3,8,2,2,1,0,2,2,1324,1,254000
1,2007.0,2,0,8,2,24,2,3,7,2,2,1,728,2,2,728,1,179540
1,1966.0,1,0,6,3,0,2,3,5,1,3,1,0,2,3,876,0,109900
1,2005.0,1,0,5,2,0,2,3,3,0,3,1,0,2,3,270,0,52000
3,1964.0,1,0,7,3,0,2,3,4,1,3,1,319,2,3,859,0,102776
3,1988.0,2,767,5,2,120,2,3,8,2,2,1,0,2,2,1228,1,189000
1,1970.0,1,789,6,3,288,3,3,4,2,3,1,0,1,3,960,0,129000
1,1976.0,2,533,6,2,44,2,3,6,2,2,1,754,2,3,725,0,130500
1,1974.0,2,0,7,3,0,2,3,6,2,3,1,0,2,2,1064,1,165000
2,1996.0,1,0,8,3,48,2,3,7,2,3,1,978,2,3,718,0,159500
1,1973.0,1,1084,5,3,0,2,3,5,2,2,1,0,2,2,1176,1,157000
1,1993.0,2,1173,9,2,154,2,3,7,3,2,1,1093,2,2,1311,1,341000
1,1969.0,1,523,5,3,0,2,3,5,1,3,1,0,2,2,971,1,128500
4,1985.0,2,1148,5,2,28,2,3,8,2,2,1,0,2,2,1742,1,275000
1,2004.0,1,662,3,2,0,2,3,6,2,2,1,0,2,2,848,0,143000
1,1994.0,1,191,5,3,0,2,3,4,2,3,1,0,2,3,864,0,124500
1,1958.0,2,0,7,3,0,2,3,4,1,3,1,473,2,3,941,0,135000
1,2007.0,2,1234,8,1,64,2,3,9,3,1,1,0,2,1,1698,1,320000
1,1989.0,1,375,5,3,0,2,3,4,2,2,1,0,2,3,864,0,120500
1,1988.0,2,808,5,2,44,2,3,6,2,2,1,0,2,2,880,1,222000
1,2007.0,2,724,6,2,0,2,3,7,2,2,1,0,2,2,1232,0,194500
1,1968.0,2,0,9,3,25,2,3,5,3,3,2,0,2,3,1584,0,110000
1,1962.0,1,152,5,3,23,2,3,4,2,3,1,0,2,3,780,0,103000
1,1995.0,2,1180,5,2,152,2,3,8,2,2,1,0,2,2,1595,1,236500
1,2003.0,2,786,6,2,22,2,3,7,2,2,1,0,2,1,868,1,187500
1,1998.0,2,252,8,2,84,2,3,7,2,2,1,878,2,2,1153,1,222500
1,1961.0,1,594,6,3,0,2,3,5,1,3,1,0,2,3,864,1,131400
1,1968.0,1,0,6,3,0,2,3,5,1,3,1,0,2,3,948,0,108000
1,1914.0,1,390,6,3,341,3,3,7,2,3,1,888,1,2,880,2,163000
1,1949.0,2,0,6,3,0,2,3,3,2,3,2,0,1,3,0,0,93500
3,2005.0,2,0,8,2,116,2,3,8,3,2,1,900,2,2,893,1,239900
1,2005.0,3,1200,5,3,0,2,3,5,0,3,1,0,2,2,1200,0,179000
1,2004.0,2,0,7,2,56,2,3,7,2,2,1,864,2,2,864,0,190000
1,1910.0,2,0,7,3,0,2,3,5,2,3,1,664,2,4,264,0,132000
1,1962.0,1,832,5,3,0,2,3,6,1,2,1,0,2,3,912,0,142000
1,2000.0,2,0,6,3,55,2,3,7,2,3,1,0,2,2,1349,0,179000
1,1997.0,2,444,6,3,0,2,3,5,2,3,1,0,2,2,520,1,175000
3,1993.0,2,733,5,2,0,2,3,8,2,2,1,0,2,2,1337,1,180000
1,1994.0,3,575,11,1,204,2,3,8,2,2,1,1540,2,3,1142,2,299800
1,2000.0,2,300,8,2,54,2,3,7,2,2,1,1276,2,2,952,1,236000
1,1950.0,1,0,8,2,0,3,3,7,4,2,1,1320,1,3,1240,1,265979
1,1996.0,2,919,7,2,56,2,3,7,2,2,1,0,2,2,1720,1,260400
1,1945.0,2,0,9,3,0,6,3,4,1,3,1,441,1,3,0,0,98000
1,2005.0,1,0,7,3,160,2,3,4,0,3,1,348,2,3,576,0,96500
1,2003.0,2,0,6,2,48,2,3,7,2,2,1,660,2,2,660,0,162000
1,1997.0,2,1200,6,3,27,2,3,6,2,2,1,0,2,2,1479,0,217000
1,2005.0,2,0,8,2,52,2,3,8,3,1,1,1060,2,2,1030,1,275500
1,1969.0,1,439,5,3,48,2,3,6,2,2,1,0,2,3,1026,0,156000
1,1999.0,2,381,6,3,24,2,3,6,2,3,1,729,2,2,729,0,172500
1,2007.0,2,20,7,2,105,2,3,8,2,2,1,902,2,2,866,0,212000
1,1978.0,2,438,6,3,0,2,3,6,2,3,1,714,2,3,672,1,158900
1,1999.0,2,549,6,3,0,2,3,7,2,3,1,744,2,2,744,0,179400
1,1995.0,2,56,9,2,98,2,3,8,3,2,1,1203,2,2,1318,1,290000
1,2008.0,1,612,5,3,0,2,3,6,1,3,1,0,2,3,864,0,127500
1,1965.0,1,405,5,3,0,2,3,5,2,4,1,0,2,3,1145,0,100000
1,2009.0,2,24,7,3,45,2,3,7,2,2,1,783,2,2,756,0,215200
1,1999.0,2,1163,8,2,128,2,3,8,3,2,1,1097,2,2,1252,1,337000
1,1995.0,1,437,6,2,30,2,3,8,2,1,1,0,2,2,1494,1,270000
1,2008.0,2,0,6,2,174,2,3,9,2,1,1,0,2,2,1498,1,264132
1,1988.0,2,394,7,3,66,2,3,7,2,3,1,734,2,2,980,1,196500
1,1989.0,2,660,7,3,0,2,3,6,1,3,1,767,2,2,983,0,160000
1,2004.0,2,24,8,2,33,2,3,7,2,2,1,0,2,2,1860,1,216837
3,2003.0,3,1416,12,1,36,2,3,8,3,1,1,1589,2,2,1650,1,538000
1,1983.0,1,685,5,3,0,2,3,5,2,3,1,0,2,2,858,0,134900
1,1951.0,1,836,6,3,0,2,3,4,2,3,1,0,2,4,836,0,102000
1,1976.0,1,422,6,3,0,2,3,6,2,3,1,0,2,3,1029,1,107000
1,1958.0,1,456,5,3,0,2,3,5,1,3,1,0,2,3,912,0,114500
1,2006.0,2,0,9,2,45,2,3,8,3,2,1,0,2,2,1935,1,395000
1,1998.0,2,866,5,3,247,2,3,6,2,3,1,0,2,1,1204,0,162000
1,2005.0,2,20,7,2,59,2,3,7,3,2,1,0,2,2,1614,0,221500
1,1974.0,1,762,5,3,0,2,3,5,2,3,1,0,2,3,864,1,142500
1,1977.0,2,0,10,3,0,2,3,5,2,3,2,0,2,3,0,2,144000
1,1977.0,1,975,4,3,0,2,3,6,2,3,1,0,2,2,975,0,135000
1,1995.0,2,0,6,3,21,2,3,7,2,3,1,0,2,2,1237,1,176000
1,1992.0,2,387,7,2,124,2,3,6,2,2,1,793,2,2,761,0,175900
1,2001.0,2,0,6,2,33,2,3,7,2,2,1,0,2,2,1413,0,187100
1,1978.0,1,1097,4,3,30,2,3,5,2,2,1,0,2,2,1097,1,165500
1,2005.0,2,0,9,3,291,2,3,6,0,3,1,742,2,3,742,1,128000
1,1967.0,2,251,7,3,0,2,3,6,2,3,1,0,2,3,1372,1,161500
1,1961.0,2,686,7,3,0,2,3,5,1,3,1,686,2,4,686,0,139000
1,2004.0,2,656,8,2,45,2,3,7,2,2,1,1128,2,2,956,0,233000
1,1954.0,1,0,4,3,0,2,3,4,1,3,1,0,2,3,901,0,107900
4,1966.0,2,568,9,3,168,2,3,6,2,2,1,1111,2,3,832,0,187500
1,2005.0,2,16,5,2,16,2,3,7,2,2,1,0,2,2,1145,1,160200
1,1976.0,1,539,5,3,0,2,3,6,2,3,1,0,2,2,1029,2,146800
1,1997.0,2,862,8,2,130,2,3,7,2,3,1,886,2,2,1117,1,269790
1,2007.0,2,0,7,2,130,2,3,8,2,2,1,0,2,2,1496,0,225000
1,1994.0,2,0,7,2,46,2,3,7,2,2,1,809,2,2,712,1,194500
1,1980.0,2,0,7,3,50,2,3,6,2,3,1,676,2,2,650,1,171000
1,1977.0,1,0,7,3,0,2,3,6,2,3,1,0,2,3,660,1,143500
1,1953.0,1,570,4,3,0,2,3,5,1,3,1,0,2,3,773,0,110000
1,2009.0,3,0,11,1,78,2,3,9,3,1,1,1174,2,1,1926,2,485000
1,1939.0,1,569,7,3,0,2,3,5,1,2,1,787,2,2,731,2,175000
3,1997.0,2,462,8,3,114,2,3,6,2,2,1,1072,2,2,616,0,200000
1,1957.0,1,197,5,3,0,2,3,4,2,3,1,0,2,3,1196,0,109900
1,2005.0,2,648,7,2,18,2,3,7,2,2,1,728,2,2,728,1,189000
1,2009.0,3,0,12,1,170,2,3,9,3,1,1,1088,2,1,1734,1,582933
1,1954.0,1,812,5,3,0,2,3,5,1,3,1,0,2,3,936,0,118000
1,2008.0,2,0,6,2,60,2,3,7,2,1,1,0,2,2,1417,0,227680
1,1967.0,2,400,6,3,0,2,3,5,1,3,1,0,2,3,980,0,135500
1,1923.0,1,1309,6,3,312,2,3,5,2,2,1,504,2,3,1324,1,223500
1,1966.0,1,516,6,3,0,2,3,5,2,3,1,0,2,3,1024,1,159950
1,1910.0,2,0,11,3,156,2,3,5,2,3,3,1063,1,3,849,0,106000
1,1974.0,1,663,5,3,0,2,3,6,2,2,1,0,2,3,1040,1,181000
1,2004.0,1,662,4,2,0,2,3,6,2,2,1,0,2,2,848,1,144500
2,1952.0,1,0,4,4,0,2,3,5,2,4,1,0,1,3,540,0,55993
1,1958.0,1,608,7,3,0,2,3,6,1,3,1,0,2,3,1442,0,157900
1,1955.0,1,0,7,3,0,3,3,5,1,4,1,564,2,3,686,0,116000
1,1998.0,2,0,6,3,34,2,3,7,2,2,1,0,2,2,1649,0,224900
1,1954.0,1,486,4,3,0,2,3,5,1,3,1,0,2,3,1008,1,137000
1,2002.0,2,1218,7,2,59,2,3,8,3,2,1,0,2,2,1568,2,271000
1,1971.0,1,504,6,3,0,2,3,6,2,3,1,0,2,3,1010,0,155000
1,2010.0,2,733,6,2,35,2,3,7,2,2,1,0,2,2,1358,1,224000
1,2003.0,2,0,6,2,45,2,3,7,2,2,1,842,2,2,798,0,183000
2,1974.0,1,0,4,4,32,2,3,4,2,3,1,0,1,4,936,0,93000
1,2003.0,2,0,7,2,48,2,3,7,2,2,1,886,2,2,847,1,225000
1,1940.0,2,0,7,3,0,2,3,6,1,3,1,545,2,3,778,1,139500
1,2006.0,2,0,7,2,140,2,3,8,2,2,1,0,2,2,1489,1,232600
1,2007.0,2,1636,7,1,45,2,6,10,3,1,1,0,2,1,2078,1,385000
1,2005.0,1,784,5,3,0,2,3,5,0,2,1,0,2,3,784,0,109500
1,2001.0,2,20,6,2,39,2,3,7,2,2,1,0,2,2,1454,1,189000
4,1967.0,2,249,7,3,0,2,3,5,2,3,1,966,2,3,1013,0,185000
1,2005.0,2,0,4,2,166,2,3,7,2,2,1,623,2,2,600,0,147400
1,1957.0,1,1040,6,3,0,2,3,6,2,3,1,0,2,3,1392,2,166000
1,2005.0,2,0,4,3,166,2,3,7,2,2,1,600,2,2,600,0,151000
1,2003.0,2,483,7,2,39,2,3,7,2,2,1,888,2,2,941,1,237000
1,1964.0,1,196,6,3,0,2,3,6,2,3,1,0,2,3,1516,0,167000
1,1961.0,1,572,6,3,0,2,3,5,2,3,1,0,2,3,1144,0,139950
1,1996.0,2,442,4,3,0,2,3,4,2,2,1,0,2,2,1067,0,128000
1,1948.0,1,338,5,3,116,2,3,5,2,3,1,0,2,3,1559,0,153500
1,1973.0,1,330,5,3,0,2,3,6,1,3,1,504,2,3,483,0,100000
1,1999.0,1,0,6,3,0,2,3,5,1,2,1,0,2,2,1099,0,144000
1,1946.0,1,352,6,3,0,2,3,5,1,3,1,432,2,3,768,0,130500
1,1934.0,2,156,7,3,0,2,3,6,1,4,1,672,1,3,672,0,140000
1,1983.0,2,0,8,3,78,2,3,5,2,2,1,581,2,3,650,1,157500
1,1966.0,1,312,6,3,129,2,3,6,2,3,1,0,2,3,1127,0,174900
1,2005.0,2,0,10,3,0,2,3,5,0,3,2,0,1,3,1800,0,141000
1,1949.0,1,0,7,3,0,2,3,5,3,3,1,540,2,3,876,1,153900
1,1975.0,2,1390,6,3,0,2,3,5,2,3,1,0,2,2,1390,2,171000
1,1993.0,2,513,7,2,72,2,3,7,2,2,1,769,2,2,740,1,213000
1,1972.0,1,460,5,3,0,2,3,5,1,3,1,0,2,3,864,1,133500
2,1908.0,3,0,10,3,40,2,3,6,2,3,1,1051,2,3,907,1,240000
1,1976.0,2,0,7,2,100,2,3,6,2,3,1,761,2,3,528,1,187000
1,2003.0,1,659,3,2,0,2,3,6,2,2,1,0,2,2,848,0,131500
1,2003.0,2,0,7,2,20,2,3,8,2,2,1,0,2,2,1273,1,215000
1,1941.0,2,364,7,3,0,2,3,7,1,3,1,728,2,3,918,2,164000
1,1964.0,1,564,7,3,0,2,3,6,2,3,1,0,2,3,1127,1,158000
1,1955.0,1,306,6,3,418,2,3,5,2,3,1,0,2,3,1763,1,170000
1,1962.0,1,659,6,3,104,2,3,5,1,3,1,0,2,3,1040,0,127000
4,1981.0,1,505,5,3,0,2,3,6,2,3,1,0,2,2,940,0,147000
1,1994.0,2,0,6,3,36,2,3,6,2,3,1,779,2,2,702,1,174000
1,1976.0,2,0,6,3,0,2,3,7,2,3,1,0,2,2,1090,1,152000
1,1968.0,2,619,9,3,65,2,3,6,2,2,1,1142,2,3,1054,1,250000
1,1925.0,1,0,7,2,240,2,3,7,1,2,1,514,2,3,912,1,189950
1,1965.0,1,841,6,3,0,2,3,5,2,3,1,0,2,3,1039,0,131500
1,1986.0,2,338,6,3,0,2,3,6,2,3,1,0,2,2,1040,0,152000
1,1959.0,1,1148,6,3,0,2,3,5,1,3,1,0,2,3,1148,0,132500
1,2008.0,2,0,6,2,140,2,3,7,2,2,1,0,2,1,1372,0,250580
1,1973.0,1,828,5,3,0,2,3,5,2,3,1,0,2,3,1002,0,148500
3,2007.0,2,0,6,2,80,2,3,8,3,2,1,0,2,2,1638,1,248900
1,1961.0,1,932,5,3,0,2,3,4,2,4,1,0,2,3,1040,0,129000
1,1979.0,2,0,7,3,144,2,3,5,2,3,1,720,2,3,0,1,169000
1,1993.0,2,750,8,2,90,2,3,7,2,2,1,887,2,2,1050,1,236000
1,1962.0,1,0,5,3,0,2,3,5,1,3,1,0,1,3,894,0,109500
1,1998.0,2,505,7,3,77,2,3,6,2,2,1,878,2,2,804,0,200500
1,1953.0,1,0,5,2,0,2,3,5,2,2,1,0,2,3,105,0,116000
1,1949.0,1,375,6,2,28,2,3,5,1,3,1,0,2,3,832,1,133000
1,1941.0,1,0,5,3,0,2,3,5,1,3,1,455,2,3,676,0,66500
1,2007.0,2,64,11,2,364,2,3,8,2,1,1,1426,2,2,1184,1,303477
3,1963.0,1,633,5,3,0,2,3,4,2,3,1,0,2,3,1064,0,132250
1,2004.0,2,1170,10,2,0,2,3,9,3,1,1,762,2,1,1462,1,350000
1,1987.0,1,899,6,3,0,2,3,5,2,2,1,0,2,3,1109,0,148000
1,1978.0,1,646,6,2,0,2,3,5,1,3,1,0,2,3,864,0,136500
1,2005.0,1,980,5,3,49,2,3,5,2,3,1,0,2,1,1090,0,157000
1,1990.0,2,902,7,2,36,2,3,7,2,2,1,530,2,2,1156,1,187500
1,1993.0,2,0,7,3,40,2,3,6,2,3,1,785,2,2,808,1,178000
2,1997.0,1,0,10,2,188,2,3,4,1,3,1,795,1,3,795,0,118500
1,1967.0,1,432,5,3,0,2,3,5,1,3,1,0,2,3,892,0,100000
1,1999.0,2,1238,5,2,65,2,3,9,2,2,1,0,2,1,1698,1,328900
1,2005.0,2,528,8,3,54,2,3,5,2,3,2,0,2,3,1626,0,145000
1,1955.0,1,0,8,3,0,2,3,5,1,3,1,521,2,3,816,0,135500
1,1970.0,2,351,8,2,207,2,3,8,2,2,1,0,2,3,2217,1,268000
1,1953.0,1,1024,6,3,0,2,3,6,2,3,1,0,2,3,1505,1,149500
1,2003.0,1,0,6,3,0,2,3,5,2,3,1,252,2,3,672,1,122900
1,1978.0,2,226,7,3,0,2,3,6,2,3,1,765,2,3,918,1,172500
1,1963.0,1,663,6,3,0,2,3,6,1,3,1,0,2,3,1059,0,154500
1,1954.0,1,1064,6,3,116,2,3,5,1,3,1,0,2,2,1383,1,165000
2,1979.0,2,0,8,3,0,2,3,5,2,3,2,0,2,3,0,0,118858
1,1963.0,1,400,8,3,50,2,3,6,2,3,1,813,2,3,780,1,140000
1,1936.0,1,285,6,3,28,2,3,4,1,3,1,0,1,3,951,0,106500
1,1979.0,2,0,12,3,0,2,3,5,2,3,2,1120,2,3,0,0,142953
1,2009.0,2,2188,11,1,67,2,3,9,3,1,1,0,2,1,2330,2,611657
1,1961.0,1,465,6,3,0,2,3,5,1,3,1,0,2,3,912,1,135000
1,1979.0,1,322,4,3,0,2,3,4,1,3,1,0,2,3,858,0,110000
1,1968.0,1,860,5,3,0,2,3,5,1,3,1,0,2,3,992,0,153000
1,2003.0,2,0,8,2,75,2,3,7,2,2,1,702,2,2,783,1,180000
3,2006.0,2,0,7,2,60,2,3,7,3,2,1,0,2,2,1670,1,240000
1,1967.0,1,599,6,3,0,2,3,5,1,3,1,0,2,3,876,0,125500
1,1954.0,1,354,6,3,0,2,3,5,1,3,1,0,2,3,1056,0,128000
1,2006.0,2,63,8,2,60,2,3,8,3,2,1,0,2,2,1623,1,255000
1,1936.0,1,223,6,2,0,2,3,7,1,2,1,1037,2,2,1017,1,250000
4,1983.0,1,301,5,3,0,2,3,5,2,3,1,0,2,2,864,0,131000
1,2005.0,2,0,8,2,24,2,3,6,2,2,1,742,2,2,742,1,174000
1,1960.0,2,443,12,3,0,2,3,5,2,3,2,1169,2,3,1105,0,154300
1,1978.0,1,196,5,3,0,2,3,5,1,2,1,0,2,2,1268,0,143500
1,1925.0,1,489,6,3,0,2,3,5,1,3,1,0,1,3,768,0,88000
3,1949.0,2,284,8,3,0,2,3,5,3,3,2,1001,1,3,1001,0,145000
1,2009.0,2,294,4,2,234,2,3,6,2,2,1,612,2,2,612,0,173733
1,1970.0,1,0,6,3,0,2,3,4,1,3,1,546,2,3,546,0,75000
1,1958.0,0,50,4,3,0,2,3,2,1,3,1,0,1,3,480,0,35311
1,1956.0,1,1059,6,3,0,2,3,4,1,3,1,0,2,3,1134,0,135000
1,1991.0,2,48,8,2,192,2,3,7,3,2,1,1215,2,1,1104,1,238000
1,1990.0,1,528,6,1,51,2,3,6,2,3,1,0,2,2,1184,1,176500
1,1994.0,2,814,7,2,87,2,3,6,2,2,1,785,2,2,928,0,201000
1,2005.0,2,1084,9,3,70,2,3,5,0,3,2,928,2,3,1272,0,145900
1,2005.0,2,28,6,2,0,2,3,6,2,2,1,0,2,2,1316,1,169990
1,1993.0,2,165,5,2,69,2,3,6,2,2,1,0,2,2,1604,1,193000
1,1980.0,2,625,7,3,131,2,3,6,2,3,1,0,2,2,1686,1,207500
1,1977.0,2,767,6,3,0,2,3,5,2,1,1,0,2,2,1126,0,175000
1,2003.0,2,0,10,2,100,2,3,8,3,1,1,1140,2,2,1181,1,285000
1,1968.0,2,552,9,3,43,2,3,7,2,3,1,880,2,3,832,1,176000
1,2001.0,2,0,7,2,151,2,3,8,2,1,1,0,2,2,1753,1,236500
1,1997.0,2,0,8,3,0,2,3,7,2,2,1,1243,2,2,964,1,222000
3,2007.0,2,16,7,2,18,2,3,8,3,2,1,0,2,2,1466,0,201000
1,1965.0,1,338,5,3,0,2,3,5,1,3,1,0,2,3,925,0,117500
1,2006.0,2,0,8,1,191,2,3,9,3,1,1,0,2,1,1905,1,320000
1,2004.0,2,20,6,2,36,2,3,7,2,2,1,0,2,2,1500,0,190000
3,1960.0,2,425,9,3,0,2,3,7,2,2,1,0,2,2,585,1,242000
1,1953.0,1,0,5,3,0,2,3,4,2,3,1,0,2,4,600,0,79900
1,2003.0,2,833,5,2,41,2,3,7,2,2,1,0,2,2,1176,0,184900
1,2005.0,2,341,8,2,48,2,3,7,2,2,1,858,2,2,1113,1,253000
1,2006.0,2,464,7,2,90,2,3,7,3,2,1,571,2,2,1391,0,239799
1,1940.0,2,0,10,3,0,2,3,7,1,3,1,1196,2,3,1032,2,244400
1,1976.0,2,936,8,3,0,2,3,6,2,3,2,0,2,3,1728,0,150900
1,1999.0,2,772,8,2,0,2,3,7,2,2,1,1038,2,2,992,1,214000
1,2005.0,2,1440,8,3,0,2,3,4,0,3,2,0,2,2,1440,0,150000
4,1967.0,2,0,8,3,0,2,3,5,2,3,2,0,2,3,1632,0,143000
1,1958.0,1,111,7,3,118,2,3,6,2,2,1,0,2,3,819,1,137500
1,1963.0,1,1088,7,3,0,2,3,5,2,3,1,561,2,3,1088,0,124900
1,1959.0,1,748,6,3,0,2,3,5,1,3,1,0,2,3,1144,1,143000
1,2002.0,2,1300,9,2,252,2,3,8,3,2,1,0,2,2,1616,1,270000
1,2002.0,2,0,7,2,96,2,3,7,2,2,1,840,2,2,936,1,192500
1,1972.0,1,982,5,3,0,2,3,6,2,2,1,0,2,3,1161,1,197500
1,1980.0,1,398,5,3,0,2,3,5,2,2,1,0,2,3,864,0,129000
1,1979.0,1,641,6,3,0,2,3,5,1,3,1,0,2,3,828,0,119900
1,1974.0,1,660,5,3,0,2,3,5,1,3,1,0,2,2,768,0,133900
1,1969.0,2,562,7,3,189,2,3,5,2,3,1,800,2,3,784,1,172000
1,2005.0,2,945,4,3,0,2,3,6,0,3,0,0,2,2,945,0,127500
3,1946.0,2,484,8,3,0,2,3,6,2,3,2,979,1,2,979,0,145000
1,1980.0,1,285,5,3,0,2,3,6,2,3,1,668,2,2,561,1,124000
1,1977.0,1,417,6,3,0,2,3,5,2,3,1,0,2,3,1057,0,132000
1,2003.0,2,699,6,2,39,2,3,7,2,2,1,0,2,2,1337,0,185000
1,1999.0,2,604,6,2,44,2,3,7,2,2,1,720,2,2,696,0,155000
1,2005.0,1,696,4,3,0,2,3,5,0,3,1,0,2,3,858,0,116500
1,1977.0,2,896,11,3,282,2,3,6,2,3,1,1330,2,2,1330,1,272000
1,1976.0,2,556,7,3,0,2,3,6,2,2,1,744,2,2,804,1,155000
1,2007.0,2,0,7,2,136,2,3,9,2,1,1,0,2,1,1800,0,239000
1,2002.0,2,624,8,2,40,2,3,7,2,2,1,1070,2,2,817,1,214900
1,2005.0,2,0,8,2,72,2,3,6,2,2,1,701,2,2,783,1,178900
3,1940.0,1,428,7,2,70,2,3,5,1,3,1,332,2,3,728,2,160000
1,1955.0,1,902,6,3,0,2,3,5,1,3,1,0,2,3,1098,0,135000
1,2005.0,1,0,6,3,0,4,3,3,0,3,1,368,1,3,600,0,37900
1,1958.0,1,513,6,3,0,2,3,6,1,3,1,0,2,3,588,0,140000
1,2005.0,1,0,6,3,0,2,3,4,0,3,1,472,1,3,720,0,135000
1,2003.0,2,567,6,2,27,2,3,7,2,2,1,862,2,2,764,0,173000
1,1979.0,2,0,5,3,0,2,3,6,1,3,1,0,2,2,918,1,99500
1,2007.0,2,0,6,2,120,2,3,7,2,2,1,0,2,2,1428,0,182000
1,1997.0,1,0,8,3,135,2,2,7,2,2,1,883,1,2,728,0,167500
1,2000.0,2,641,6,2,50,2,3,7,2,2,1,709,2,2,673,0,165000
2,2005.0,1,0,4,3,0,2,3,4,0,4,1,0,2,2,440,0,85500
1,2007.0,1,1106,4,2,116,2,3,7,2,2,1,0,2,2,1241,0,199900
2,1999.0,1,552,5,3,0,2,3,4,2,3,1,0,2,3,894,0,110000
1,1963.0,1,651,5,3,80,2,3,5,2,3,1,0,2,3,1121,0,139000
1,1961.0,1,867,6,1,76,2,3,7,2,1,1,0,2,3,944,0,178400
1,1998.0,2,854,8,2,0,2,3,8,3,2,1,1336,2,2,1225,1,336000
1,2007.0,2,0,6,2,16,2,3,7,2,2,1,0,2,2,1266,1,159895
1,2002.0,2,0,9,2,0,2,3,8,2,2,1,1141,2,2,1128,1,255900
1,1977.0,2,0,8,3,0,2,3,5,2,2,2,432,2,3,0,0,126000
1,1950.0,1,1040,5,3,48,3,3,5,1,3,1,0,1,3,1164,0,125000
1,1950.0,1,0,5,3,0,2,3,6,1,2,1,634,2,3,485,0,117000
1,2010.0,2,1646,8,1,95,2,3,9,3,1,1,0,2,1,1930,1,395192
1,1976.0,2,156,8,3,224,2,3,6,2,2,1,912,2,3,848,1,195000
1,2006.0,2,0,6,2,50,2,3,7,2,2,1,798,2,2,770,0,197000
1,1997.0,2,1074,7,2,70,2,3,8,3,2,1,985,2,2,1396,1,348000
1,1925.0,1,216,8,2,169,2,3,8,2,2,1,826,2,3,916,1,168000
1,1964.0,2,536,7,3,42,2,3,6,2,2,1,831,2,3,822,1,187000
1,2005.0,2,0,6,3,35,2,3,6,2,2,1,750,2,2,750,0,173900
1,2008.0,2,1172,7,1,48,2,3,10,3,1,1,0,2,1,1700,1,337500
1,1946.0,1,384,5,3,57,2,3,4,1,3,1,456,2,3,747,0,121600
1,1961.0,1,915,6,3,319,2,3,5,1,3,1,0,2,3,1050,0,136500
1,1970.0,2,0,6,3,0,2,3,6,2,3,1,0,2,3,1442,1,185000
1,1922.0,1,0,6,3,100,2,3,3,1,3,1,0,1,3,1007,1,91000
1,2006.0,2,686,6,2,61,2,3,7,2,2,1,0,2,2,1187,0,206000
1,1956.0,1,0,4,3,0,3,3,3,2,4,1,0,1,3,0,0,82000
1,1920.0,1,0,4,3,20,2,3,5,1,1,1,0,2,4,691,0,86000
1,2006.0,2,24,7,2,104,2,3,8,3,2,1,0,2,2,1574,1,232000
1,1976.0,2,0,8,3,0,2,5,5,2,3,2,0,2,3,1680,0,136905
1,2005.0,2,16,7,2,0,2,3,7,2,2,1,0,2,2,1346,1,181000
1,1977.0,2,595,6,2,0,2,3,5,1,3,1,0,2,2,985,0,149900
1,1970.0,2,1237,7,3,0,2,3,6,2,3,1,0,2,2,1657,1,163500
1,1970.0,1,273,6,3,0,2,3,4,1,3,1,546,2,3,546,0,88000
1,2004.0,2,0,7,2,48,2,3,7,2,2,1,0,2,1,1710,1,240000
1,2005.0,2,0,7,3,0,2,3,5,0,3,1,0,2,3,1008,0,102000
1,1948.0,2,0,7,3,0,2,3,5,1,3,1,551,2,3,720,1,135000
1,2005.0,2,0,8,3,0,2,3,5,0,3,2,0,1,3,0,0,100000
1,1923.0,1,0,7,3,0,2,3,6,1,2,1,602,2,3,602,2,165000
1,1956.0,1,247,4,3,30,3,3,5,1,3,1,0,1,3,1022,0,85000
1,1948.0,1,336,5,3,130,2,3,6,1,3,1,0,2,3,1082,1,119200
1,2001.0,2,643,6,2,45,2,3,8,2,2,1,855,2,2,810,0,227000
1,1996.0,2,690,6,2,66,2,3,7,2,2,1,0,2,2,1504,1,203000
1,1984.0,1,1036,4,2,0,2,3,8,2,2,1,0,2,2,1220,1,187500
1,1991.0,2,0,7,2,0,2,3,7,2,2,1,670,2,2,384,1,160000
1,2005.0,2,16,6,2,20,2,3,7,2,2,1,0,2,2,1362,1,213490
1,2005.0,1,1024,5,3,64,2,3,4,2,2,1,0,2,2,1132,0,176000
1,2006.0,2,684,6,2,54,2,3,7,2,2,1,0,2,2,1199,0,194000
1,1957.0,1,324,6,3,0,2,3,5,1,3,1,336,2,3,912,0,87000
1,2005.0,2,16,7,2,20,2,3,7,2,2,1,0,2,2,1346,1,191000
1,1976.0,2,1165,10,2,72,2,3,8,2,2,1,0,2,2,1565,1,287000
1,1980.0,1,138,5,3,0,2,3,5,2,3,1,0,2,3,882,0,112500
1,1960.0,1,697,6,3,0,2,3,5,2,3,1,0,2,3,1268,2,167500
3,2008.0,2,1513,7,2,44,2,3,8,3,2,1,0,2,2,1638,1,293077
1,1941.0,1,368,6,3,0,2,3,5,1,3,1,408,2,3,768,1,105000
1,1972.0,1,317,7,3,28,2,3,6,1,3,1,546,2,3,672,0,118000
1,2005.0,2,0,10,3,0,2,3,5,0,3,2,980,2,3,686,0,160000
1,1970.0,2,523,12,3,63,2,3,7,2,3,1,998,2,3,824,2,197000
1,1993.0,2,1012,10,2,55,2,3,8,3,2,1,1168,2,2,1338,1,310000
1,2002.0,2,986,6,2,136,2,3,7,3,2,1,0,2,2,1654,0,230000
2,1938.0,1,0,5,3,0,2,3,5,1,4,1,0,2,4,920,1,119750
1,1957.0,1,0,5,3,0,2,3,4,1,3,1,0,1,3,0,0,84000
3,2008.0,2,1022,6,2,0,2,3,9,3,1,1,0,2,1,1620,1,315500
1,2001.0,2,0,7,2,45,2,3,8,2,2,1,1208,2,2,1055,1,287000
1,2005.0,1,0,6,3,0,2,3,4,0,3,1,546,2,3,546,1,97000
1,1970.0,1,509,3,3,0,2,3,4,1,3,1,0,2,2,630,0,80000
1,1957.0,2,168,8,3,0,2,3,5,2,3,1,0,2,3,1134,1,155000
1,1966.0,1,400,7,3,40,2,3,6,2,2,1,832,2,3,800,0,173000
1,2005.0,2,900,5,2,63,2,3,6,2,2,1,0,2,2,1306,1,196000
1,1990.0,2,1085,10,3,121,2,3,7,2,2,1,797,2,2,1475,1,262280
1,1981.0,2,1104,9,2,120,2,3,8,2,2,1,0,2,2,2524,1,278000
1,1955.0,2,0,8,3,0,2,3,3,2,3,1,0,2,3,0,1,139600
1,2005.0,3,240,11,2,108,2,3,9,3,1,1,876,2,1,1992,1,556581
1,1996.0,1,686,5,3,0,2,3,5,2,3,1,0,2,2,990,0,145000
1,1960.0,1,0,9,3,0,2,3,5,2,3,1,0,2,3,0,1,115000
4,1946.0,1,0,6,3,0,2,3,4,1,2,1,0,2,3,0,0,84900
1,2007.0,2,0,6,2,22,2,3,7,2,2,1,0,2,2,1302,0,176485
1,2007.0,2,0,6,2,20,2,3,7,2,2,1,0,2,2,1316,1,200141
1,1964.0,1,442,9,3,52,2,3,6,2,3,1,850,2,3,816,1,165000
1,1957.0,1,383,7,3,78,2,3,5,1,3,1,0,2,3,1216,1,144500
1,2002.0,2,932,7,2,60,2,3,8,2,2,1,898,2,2,1065,1,255000
1,1976.0,2,644,7,3,0,2,3,6,2,3,1,0,2,2,1193,1,180000
1,2005.0,2,659,6,2,36,2,3,7,2,2,1,0,2,2,1364,1,185850
1,1994.0,2,595,7,2,98,2,3,7,2,2,1,871,2,2,973,1,248000
1,2008.0,2,936,10,1,102,2,3,9,3,1,1,1054,2,1,1104,1,335000
3,1977.0,1,297,7,3,0,2,3,6,2,3,1,895,2,3,854,1,220000
1,2001.0,2,616,6,2,0,2,3,8,2,2,1,0,2,2,1338,0,213500
4,1994.0,1,0,6,4,20,2,3,3,3,3,1,0,2,3,894,0,81000
1,1945.0,2,0,10,3,57,2,3,5,2,3,2,915,1,3,662,0,90000
1,1976.0,1,397,5,3,120,2,3,6,2,2,1,0,2,3,1103,1,110500
1,1966.0,1,740,6,3,58,2,3,5,2,3,1,0,2,3,1154,1,154000
1,1996.0,2,1201,7,2,44,2,3,7,2,2,1,954,2,1,1306,0,328000
1,1993.0,2,0,7,2,40,2,3,6,2,3,1,772,2,2,799,1,178000
1,1964.0,1,674,7,3,128,2,3,6,2,3,1,813,2,3,780,0,167900
1,1973.0,2,837,10,3,20,2,3,6,2,3,1,1230,2,2,942,1,151400
1,1985.0,1,220,4,3,0,2,3,5,2,2,1,0,2,3,845,0,135000
1,1956.0,1,586,6,3,20,2,3,5,1,3,1,0,2,3,1048,0,135000
1,1968.0,1,298,8,3,0,2,3,6,2,3,1,727,2,3,727,0,154000
1,1954.0,1,0,7,3,0,2,3,5,1,3,1,454,2,4,810,1,91500
2,1977.0,1,535,6,3,0,2,3,6,2,3,1,728,2,3,690,0,159500
1,2006.0,2,0,5,2,93,2,3,7,3,2,1,0,2,2,1240,0,194000
1,1940.0,1,410,6,3,0,2,3,7,1,3,1,780,2,3,800,2,219500
1,1950.0,2,626,7,3,21,2,3,5,2,2,1,370,2,4,796,1,170000
1,1969.0,1,75,6,3,32,2,3,5,1,3,1,0,2,3,1096,0,138800
1,2004.0,1,662,3,2,0,2,3,6,2,2,1,0,2,2,848,1,155900
1,1996.0,1,495,5,3,64,2,3,5,1,3,1,0,2,2,990,0,126000
1,1971.0,2,656,5,2,0,2,3,6,2,2,1,0,2,3,1258,0,145000
1,1963.0,1,824,5,3,0,2,3,5,1,3,1,0,2,3,1040,0,133000
1,2002.0,2,0,6,2,39,2,3,7,2,2,1,0,2,2,1459,1,192000
1,1964.0,1,553,6,3,116,2,3,6,1,3,1,0,2,3,1251,2,160000
1,1995.0,2,592,6,3,44,2,3,6,2,3,1,807,2,2,691,1,187500
1,1992.0,1,747,5,3,0,2,3,6,2,2,1,0,2,2,936,0,147000
1,1973.0,1,334,6,3,96,2,3,4,1,3,1,546,2,3,546,0,83500
1,2005.0,2,0,9,2,50,2,3,8,3,2,1,871,2,2,1082,1,252000
1,2004.0,2,0,7,2,40,2,3,7,2,2,1,739,2,2,970,0,137500
1,2005.0,1,1039,4,2,84,2,3,8,2,2,1,0,2,2,1247,1,197000
1,1987.0,2,0,6,3,0,6,3,3,2,3,2,0,1,3,0,0,92900
1,1999.0,2,510,4,2,48,2,3,7,2,2,1,628,2,2,600,0,160000
2,1925.0,2,423,7,3,0,2,3,6,2,3,1,304,2,3,1181,1,136500
1,1977.0,1,661,6,3,64,2,3,5,2,2,1,0,2,3,864,0,146000
1,1956.0,1,248,4,3,0,2,3,5,1,3,1,0,2,3,936,0,129000
1,2006.0,2,24,6,2,22,2,3,6,2,2,1,0,2,2,1314,1,176432
1,2005.0,1,0,7,3,0,2,3,6,0,2,1,582,2,3,684,0,127000
1,1987.0,1,0,5,2,74,2,3,8,2,2,1,0,2,2,1074,0,170000
1,1936.0,1,672,6,3,0,2,3,4,1,3,1,567,2,3,672,0,128000
1,1978.0,2,704,7,3,0,2,3,7,2,3,1,0,2,2,1271,1,157000
2,1930.0,1,290,3,3,0,2,3,2,1,4,1,0,1,3,290,0,60000
1,1981.0,1,412,5,3,0,2,3,5,1,3,1,0,2,3,950,0,119500
1,1960.0,1,588,6,3,16,2,3,5,1,3,1,0,2,3,1010,0,135000
1,1954.0,1,655,6,3,0,2,3,6,2,3,1,0,2,3,655,1,159500
1,1970.0,2,0,6,3,0,2,3,5,2,3,1,672,2,3,630,0,106000
1,1994.0,2,1032,9,2,32,2,3,8,2,2,1,1122,2,1,1463,2,325000
1,1990.0,2,738,6,2,244,2,3,7,2,2,1,0,2,2,910,1,179900
3,2006.0,2,0,9,2,100,2,3,7,2,2,1,1134,2,1,868,1,274725
1,2000.0,2,0,7,3,48,2,3,6,2,3,1,742,2,2,924,1,181000
1,2004.0,2,1039,7,2,185,2,3,8,3,2,1,0,2,1,1836,1,280000
1,1995.0,2,219,8,3,84,2,3,6,2,3,1,885,2,2,773,1,188000
1,1976.0,2,403,8,3,69,2,3,7,2,3,1,866,2,3,803,1,205000
1,1957.0,1,708,5,3,0,2,3,5,1,3,1,0,2,3,816,0,129900
1,1953.0,1,643,6,3,18,2,3,5,1,2,1,0,2,3,1008,0,134500
1,1955.0,1,415,4,3,0,2,3,5,1,2,1,0,2,3,833,0,117000
1,2007.0,2,1004,7,2,0,2,3,8,3,1,1,0,2,1,1734,1,318000
1,2002.0,2,353,7,2,0,2,3,8,2,2,1,640,2,2,408,1,184100
1,1967.0,1,702,5,3,0,2,3,5,2,2,1,0,2,3,894,0,130000
1,1958.0,1,0,6,3,34,2,3,5,1,3,1,580,2,3,533,0,140000
1,1959.0,1,369,6,3,0,2,3,5,1,3,1,0,2,3,1040,0,133700
2,1920.0,1,0,6,3,22,2,3,6,1,3,1,0,2,3,1012,1,118400
1,2005.0,2,24,7,2,20,2,3,7,3,2,1,0,2,2,1552,0,212900
1,1956.0,1,0,5,3,0,2,3,4,1,3,1,0,2,3,672,0,112000
1,2005.0,1,0,4,3,200,2,3,5,0,3,1,0,2,3,698,0,118000
1,1992.0,2,0,7,3,25,2,3,7,2,2,1,670,2,2,384,1,163900
1,1977.0,1,0,5,3,0,2,3,4,2,4,1,0,2,3,1005,1,115000
1,2007.0,2,0,7,2,20,2,3,7,3,2,1,0,2,2,1373,1,174000
1,2004.0,2,1300,7,2,36,2,3,7,3,2,1,0,2,2,1530,1,259000
1,2004.0,2,0,8,2,48,2,3,7,2,2,1,1112,2,2,847,1,215000
1,1980.0,1,936,4,3,0,2,3,5,2,3,1,0,2,2,936,0,140000
1,1981.0,2,622,7,3,44,2,3,4,2,2,1,653,2,3,1122,2,135000
1,2005.0,1,212,5,3,28,2,3,5,0,3,1,0,2,2,974,0,93500
1,1930.0,2,0,8,3,48,3,3,6,1,4,1,1032,2,3,1008,0,117500
1,1995.0,2,584,8,2,155,2,3,8,2,2,1,878,2,2,1128,1,239500
3,1997.0,2,0,7,3,38,2,3,6,2,3,1,684,2,2,916,1,169000
1,1926.0,1,0,5,3,128,2,3,6,1,3,1,0,1,3,960,1,102000
1,1950.0,1,280,6,3,0,2,3,6,1,3,1,220,2,3,1032,0,119000
1,2005.0,1,0,6,3,0,2,3,5,0,3,1,240,1,3,780,0,94000
1,1977.0,2,1567,5,3,32,2,3,6,2,2,1,0,2,3,1567,2,196000
1,1972.0,1,645,6,3,0,2,3,5,2,3,1,0,2,3,915,1,144000
1,1988.0,1,852,4,3,0,2,3,5,2,3,1,0,2,3,952,0,139000
1,1976.0,2,381,9,3,96,2,3,5,2,2,1,780,2,3,780,1,197500
1,2006.0,3,1150,11,2,144,2,3,8,3,2,1,1362,2,1,1466,1,424870
1,2005.0,1,288,5,3,24,2,3,5,0,3,1,0,2,3,1006,0,80000
1,1941.0,1,348,5,3,0,4,3,4,1,4,1,252,1,2,672,0,80000
1,1928.0,1,0,8,3,0,2,3,5,1,3,1,534,2,3,1042,1,149000
1,1985.0,2,1258,5,2,26,2,3,6,2,2,1,0,2,2,1298,1,180000
2,1941.0,1,275,7,3,0,2,3,7,1,4,1,704,2,3,704,1,174500
1,1982.0,1,0,5,3,0,2,3,7,1,3,1,539,2,3,572,1,116900
1,1930.0,1,624,7,3,0,2,3,7,2,3,1,650,2,3,650,0,143000
1,1950.0,1,0,4,3,0,2,3,6,1,2,1,0,2,3,932,1,124000
1,1959.0,1,176,6,3,140,2,3,5,2,4,1,0,2,3,1466,2,149900
1,1956.0,1,296,6,3,0,2,3,6,2,1,1,0,2,3,1073,1,230000
1,2002.0,1,538,5,2,0,2,3,6,1,3,1,0,2,3,816,0,120500
1,1965.0,1,454,8,3,84,2,3,7,2,2,1,918,2,3,864,2,201800
1,1976.0,2,1157,6,2,21,2,3,5,2,2,1,0,2,2,1437,1,218000
1,1965.0,2,633,6,3,92,2,3,5,2,2,1,0,2,3,1219,1,179900
1,2008.0,2,904,6,2,62,2,3,7,2,2,1,0,2,2,1314,1,230000
1,2008.0,2,0,7,2,24,2,3,8,3,2,1,0,2,2,1580,0,235128
1,1974.0,2,442,8,2,69,2,3,6,2,2,1,933,2,3,901,1,185000
1,1978.0,2,311,7,3,0,2,3,6,2,3,1,601,2,2,855,1,146000
4,1993.0,1,728,7,2,0,2,3,6,2,2,1,0,2,3,1296,1,224000
1,1968.0,1,492,5,3,0,2,3,5,2,3,1,0,2,2,894,1,129000
1,1969.0,0,1198,6,3,0,2,3,4,2,3,2,0,2,2,1198,0,108959
1,1978.0,1,680,5,3,180,2,3,5,2,2,1,0,2,2,1360,1,194000
1,2009.0,2,0,7,2,114,2,3,7,2,2,1,0,2,2,1502,0,233170
1,2008.0,2,0,7,2,33,2,3,8,3,2,1,0,2,2,1694,0,245350
1,2000.0,2,786,7,3,38,2,3,6,2,3,1,712,2,2,959,1,173000
1,1935.0,2,626,7,3,0,2,3,6,2,2,1,872,2,3,1127,2,235000
1,1995.0,3,1387,10,2,76,2,3,10,3,2,1,1796,2,1,1930,1,625000
1,1977.0,1,522,6,3,0,2,3,6,1,3,1,0,2,3,1096,1,171000
1,1958.0,1,662,6,3,0,2,3,6,2,3,1,0,2,3,1261,1,163000
1,2006.0,2,0,5,2,54,2,3,7,2,2,1,625,2,2,625,0,171900
2,2005.0,3,152,12,3,0,2,3,5,0,1,1,971,2,3,1598,1,200500
1,1932.0,2,503,9,3,0,2,3,6,2,3,1,1175,2,2,952,1,239000
1,1992.0,2,700,9,2,33,2,3,8,2,2,1,743,2,2,1683,1,285000
1,1984.0,1,658,5,3,0,2,3,5,1,3,1,0,2,3,876,0,119500
2,1926.0,1,468,5,3,0,2,3,6,1,3,1,406,2,3,818,0,115000
1,1921.0,1,0,7,3,0,2,3,5,1,3,1,523,2,3,731,1,154900
1,2005.0,1,0,5,3,36,2,3,5,0,3,1,0,2,3,0,1,93000
1,1990.0,2,1216,8,3,0,2,3,7,2,3,1,1216,2,2,1216,0,250000
3,2008.0,2,1480,5,1,53,2,3,8,2,2,1,0,2,1,1600,1,392500
1,1996.0,3,2096,10,2,78,2,3,10,3,1,1,2065,2,1,2396,2,745000
1,1970.0,1,821,5,3,0,2,3,5,2,3,1,0,2,3,1120,1,120000
1,1963.0,1,1159,5,3,263,2,3,5,3,3,1,0,2,3,1572,2,186700
1,1965.0,1,392,7,3,0,2,3,5,1,3,1,272,2,3,784,0,104900
2,1920.0,2,440,7,3,74,2,1,3,2,3,2,685,2,4,978,0,95000
1,1994.0,2,1456,5,2,114,2,3,8,3,2,1,0,2,2,1624,1,262000
1,2002.0,2,0,7,2,68,2,3,7,2,2,1,829,2,2,831,0,195000
1,1999.0,2,0,7,3,60,2,3,7,2,2,1,776,2,3,994,1,189000
4,1975.0,1,1159,7,3,0,2,3,4,4,3,1,0,2,3,1249,1,168000
1,1999.0,2,0,5,2,0,2,3,8,2,2,1,677,2,2,776,0,174000
1,1925.0,1,0,6,3,0,2,3,5,1,2,1,630,2,3,702,0,125000
1,1999.0,2,883,5,3,304,2,3,6,2,3,1,0,2,1,1224,0,165000
1,1969.0,1,371,7,3,36,2,3,6,1,3,1,689,2,3,663,0,158000
1,2005.0,2,0,8,3,24,2,3,6,2,2,1,728,2,2,728,0,176000
1,2006.0,2,0,9,2,17,2,3,7,3,2,1,984,2,2,879,1,219210
2,1916.0,1,0,7,3,0,2,3,7,1,3,1,875,2,3,815,1,144000
1,2001.0,2,0,6,2,0,2,3,7,2,2,1,0,2,2,1212,0,178000
1,1974.0,1,547,6,3,82,2,3,4,2,3,1,0,2,3,1051,1,148000
1,1972.0,1,0,5,3,0,2,3,4,1,3,1,0,2,3,864,0,116050
1,1998.0,2,0,6,3,36,2,3,7,2,2,1,913,2,2,866,0,197900
1,1960.0,1,0,5,3,0,2,3,5,1,3,1,464,2,3,884,1,117000
1,2000.0,2,0,6,2,234,2,3,7,2,2,1,0,2,2,1630,1,213000
1,1975.0,1,788,6,3,88,2,3,5,2,3,1,0,2,2,1056,0,153500
1,1990.0,2,485,7,2,70,2,3,7,3,2,1,0,2,2,2158,1,271900
1,1966.0,1,1056,5,3,42,2,3,4,1,3,1,0,2,3,1056,0,107000
1,2003.0,2,340,7,2,23,2,3,6,2,2,1,0,2,2,1682,0,200000
1,1980.0,1,504,6,3,0,2,3,5,2,3,1,0,2,3,931,0,140000
1,2006.0,2,1220,8,2,50,2,3,8,2,2,1,0,2,1,1660,1,290000
1,1992.0,2,0,8,2,104,2,3,6,2,2,1,790,2,2,1055,1,189000
2,1988.0,2,427,8,2,12,2,3,8,2,3,1,672,2,2,559,0,164000
1,1941.0,1,344,4,3,113,2,3,4,1,3,1,0,2,3,672,0,113000
1,1965.0,0,648,3,3,0,2,3,4,1,3,1,0,2,3,648,0,145000
1,1962.0,1,784,6,3,72,2,3,5,1,3,1,0,2,3,925,0,134500
1,1966.0,1,180,5,3,0,2,3,5,1,3,1,0,2,3,894,0,125000
1,1978.0,2,0,8,3,0,2,3,6,2,3,2,584,2,3,0,0,112000
1,2009.0,2,936,6,2,112,2,3,8,2,2,1,0,2,2,1300,0,229456
1,2005.0,1,0,3,3,0,2,3,4,0,3,1,240,1,3,0,0,80500
1,2005.0,1,0,7,3,0,2,3,6,0,3,1,546,2,3,672,0,91500
1,1964.0,1,312,5,3,0,2,3,5,1,3,1,0,2,3,912,0,115000
1,1968.0,1,250,5,3,63,2,3,5,1,3,1,0,2,3,952,1,134000
1,1949.0,2,196,7,3,0,2,3,6,1,3,1,678,2,3,1040,1,143000
1,1951.0,2,756,7,3,30,2,3,5,2,3,1,0,1,3,2136,0,137900
1,2004.0,2,724,8,2,75,2,3,7,2,2,1,702,2,2,788,1,184000
1,1958.0,1,507,6,3,0,2,3,6,1,3,1,0,2,3,588,0,145000
1,2007.0,2,0,9,2,18,2,3,6,3,2,1,1039,2,2,894,1,214000
1,1992.0,1,595,5,3,240,2,3,5,2,2,1,0,2,3,912,0,147000
1,2008.0,1,1540,7,1,72,2,3,9,3,1,1,0,2,1,1702,1,367294
1,1960.0,2,666,7,3,0,2,3,5,1,3,1,0,2,3,1075,0,127000
1,1977.0,2,498,12,3,24,2,9,5,2,3,2,1259,2,2,1361,1,190000
1,1962.0,1,803,6,3,18,2,3,5,2,3,1,0,2,3,1106,0,132500
1,1962.0,2,0,6,3,0,2,3,4,2,3,2,0,2,3,0,0,101800
1,1959.0,1,1000,6,3,0,2,3,5,2,3,1,0,2,3,1188,0,142000
2,2005.0,1,0,7,3,192,2,3,5,0,3,1,940,1,3,940,0,130000
1,1914.0,1,0,9,3,40,2,3,5,1,3,1,892,2,2,747,0,138887
1,2003.0,2,0,6,2,27,2,3,7,2,2,1,862,2,2,764,0,175500
1,2004.0,2,0,8,2,48,2,3,7,2,2,1,1101,2,2,847,1,195000
1,2005.0,1,0,6,2,0,2,3,6,2,3,1,0,2,2,1141,0,142500
3,2006.0,2,428,6,2,33,2,3,8,2,1,1,0,2,2,1476,1,265900
1,2003.0,2,550,8,2,63,2,3,7,2,2,1,884,2,2,884,0,224900
1,2007.0,2,0,7,2,56,2,3,7,3,2,1,0,2,2,1689,0,248328
1,1974.0,2,885,6,3,120,2,3,7,2,2,1,0,2,2,1053,2,170000
1,2006.0,2,1386,7,1,229,2,3,10,3,1,1,0,2,1,2076,1,465000
3,1931.0,1,0,7,3,0,2,3,8,2,2,1,725,2,2,792,2,230000
1,1984.0,3,0,7,3,112,2,3,6,2,3,1,728,2,2,585,1,178000
1,2005.0,2,0,6,2,45,2,3,7,2,2,1,797,2,2,756,0,186500
1,1976.0,1,539,6,3,0,2,3,6,3,3,1,0,2,3,1012,0,169900
1,1950.0,1,319,8,3,0,5,3,6,2,3,1,924,1,2,735,1,129500
1,1950.0,1,534,6,3,80,2,3,5,1,3,1,0,2,3,876,0,119000
1,1968.0,2,1065,8,2,0,2,3,7,2,1,1,0,2,3,2110,2,244000
1,2003.0,2,0,6,2,36,2,3,7,2,2,1,0,2,2,1405,1,171750
1,1968.0,1,510,5,3,0,2,3,5,1,3,1,0,2,3,864,0,130000
1,1974.0,2,125,9,2,47,2,3,7,2,2,1,651,2,3,1192,2,294000
1,2003.0,2,0,7,2,128,2,3,7,2,2,1,896,2,2,746,1,165400
1,1978.0,1,425,6,3,0,2,3,6,1,3,1,408,2,3,884,1,127500
1,1994.0,2,1314,7,2,36,2,3,8,2,2,1,0,2,2,1986,1,301500
1,2005.0,1,0,4,3,96,2,3,5,0,3,1,0,2,4,864,0,99900
1,2005.0,2,655,5,2,0,2,3,7,2,2,1,0,2,2,856,0,190000
1,1969.0,1,602,6,3,0,2,3,6,2,3,1,0,2,2,1054,0,151000
1,1999.0,2,0,7,3,103,2,3,6,2,3,1,783,2,2,841,1,181000
1,1956.0,1,504,5,3,0,2,3,5,1,3,1,0,2,3,1050,0,128900
1,1957.0,1,0,8,3,0,2,3,4,1,3,1,684,2,3,1104,2,161500
1,1940.0,1,0,8,3,0,2,3,6,2,3,1,764,2,3,764,1,180500
1,1998.0,2,266,5,2,68,2,3,6,2,2,1,0,2,2,1405,0,181000
1,1999.0,2,450,6,2,34,2,3,7,2,2,1,739,2,2,691,0,183900
2,1960.0,1,0,9,4,0,2,3,7,1,3,2,925,1,3,925,1,122000
3,2009.0,2,0,10,1,76,2,3,9,3,1,1,0,2,1,2002,1,378500
1,1982.0,3,192,11,3,12,2,3,8,3,2,1,1479,2,3,728,2,381000
1,1958.0,1,460,7,3,0,3,3,5,1,3,1,650,2,3,874,0,144000
4,1979.0,0,1258,4,2,0,2,3,7,2,2,1,192,2,2,1332,1,260000
1,1968.0,2,0,7,3,0,2,3,6,2,2,1,0,2,3,1489,1,185750
1,1965.0,1,560,5,3,0,2,3,5,1,3,1,0,2,3,935,0,137000
1,1959.0,1,719,5,3,0,2,3,6,1,1,1,0,2,3,1019,1,177000
1,1985.0,2,0,8,3,0,2,3,5,2,3,1,589,2,3,661,1,139000
1,1948.0,2,220,10,3,0,2,3,5,2,3,2,992,2,3,928,0,137000
1,1972.0,1,593,6,3,116,2,3,6,2,3,1,660,2,3,723,1,162000
1,1967.0,1,528,7,3,0,2,3,6,2,3,1,0,2,2,1680,1,197900
1,2002.0,2,804,7,2,211,2,3,8,2,2,1,903,2,2,1128,1,237000
1,1980.0,1,0,6,3,0,2,3,4,2,3,1,430,2,3,698,0,68400
1,2002.0,2,788,6,2,72,2,3,7,2,2,1,0,2,2,1573,0,227000
1,1990.0,2,1053,6,3,58,2,3,7,2,3,1,0,2,2,1309,1,180000
1,1977.0,2,532,5,3,0,2,3,5,2,2,1,0,2,2,1040,0,150500
4,2005.0,2,0,8,3,0,2,3,6,0,3,2,912,2,3,912,0,139000
1,1969.0,2,0,10,3,0,2,3,6,1,2,1,748,2,3,804,1,169000
1,1939.0,1,0,6,3,0,2,3,6,1,3,1,587,2,3,780,1,132500
1,1963.0,1,569,6,3,26,2,3,6,2,3,1,0,2,3,1328,2,143000
4,1964.0,2,812,7,3,198,2,3,5,2,3,1,0,2,3,1624,0,190000
1,2000.0,2,1158,5,2,59,2,3,8,2,1,1,0,2,2,1501,1,278000
1,2006.0,2,0,8,2,74,2,3,8,3,1,1,850,2,2,1085,1,281000
1,1964.0,1,1014,6,3,0,2,3,5,2,3,1,0,2,3,1152,1,180500
1,1972.0,2,231,6,3,0,2,3,5,1,3,1,672,2,3,630,0,119500
1,1985.0,2,0,11,3,287,2,3,5,1,3,2,994,1,3,994,0,107500
1,1976.0,2,194,8,3,28,2,3,7,2,3,1,832,2,2,832,1,162900
1,1957.0,1,167,5,3,0,2,3,5,2,3,1,0,2,3,864,0,115000
1,1968.0,1,1016,5,3,0,2,3,5,1,3,1,0,2,3,1052,0,138500
1,1963.0,2,776,6,3,20,2,3,5,2,3,1,0,2,3,1120,0,155000
1,2005.0,2,547,5,3,44,2,3,6,2,3,1,0,2,2,547,0,140000
2,2008.0,2,5644,12,1,292,2,3,10,2,1,1,950,2,1,6110,3,160000
1,1959.0,1,340,6,3,0,2,3,5,1,2,1,0,2,3,1246,0,154000
1,1999.0,2,694,9,2,0,2,3,7,2,2,1,978,2,2,978,1,225000
2,1942.0,1,547,7,3,0,2,3,6,1,2,1,741,2,3,771,2,177500
1,1994.0,2,740,8,2,78,2,3,8,3,2,1,1323,2,2,1165,1,290000
1,2005.0,2,0,7,2,59,2,3,7,3,2,1,0,2,2,1616,0,232000
1,2004.0,2,0,7,2,40,2,3,7,2,2,1,732,2,2,976,0,130000
1,2006.0,2,1572,6,2,102,2,3,9,2,1,1,0,2,1,1652,2,325000
1,2005.0,2,0,6,2,35,2,3,7,2,2,1,0,2,2,1368,1,202500
1,2000.0,1,746,5,3,64,2,3,5,2,3,1,0,2,2,990,0,138000
1,1948.0,1,144,6,3,36,2,3,5,2,2,1,0,2,3,924,0,147000
1,1991.0,2,1200,6,3,51,2,3,6,2,2,1,0,2,2,1278,0,179200
1,1959.0,2,1406,7,2,207,2,3,7,2,1,1,0,2,2,1902,2,335000
1,2005.0,2,925,6,2,98,2,3,7,2,2,1,0,2,2,1274,0,203000
1,1990.0,2,482,9,2,0,2,3,8,2,2,1,1357,2,1,1453,1,302000
1,1999.0,2,0,10,2,30,2,3,9,3,2,1,1177,2,2,1393,1,333168
1,1956.0,1,732,5,3,36,2,3,4,1,3,1,0,2,3,948,1,119000
1,1969.0,2,500,9,3,0,2,3,6,2,3,1,1020,2,4,952,2,206900
1,2008.0,2,0,8,2,42,2,3,8,3,1,1,0,2,1,1622,1,295493
1,2006.0,2,0,5,2,241,2,3,7,2,2,1,0,2,1,1352,1,208900
1,2001.0,2,0,7,2,150,2,3,8,3,2,1,0,2,2,1753,1,275000
2,1954.0,1,492,5,3,0,2,3,4,1,3,1,0,2,3,864,0,111000
1,1957.0,1,189,6,3,0,2,3,6,2,3,1,0,2,3,1478,2,156500
1,1955.0,1,0,4,3,0,1,3,3,1,3,1,0,1,3,0,0,72500
1,1992.0,2,674,8,2,39,2,3,7,2,2,1,862,2,2,750,1,190000
3,2005.0,1,280,5,4,0,2,3,4,0,4,1,0,2,3,420,0,82500
1,2007.0,2,0,7,2,49,2,3,8,3,2,1,0,2,1,1795,1,147000
1,2005.0,1,0,5,3,0,2,3,4,0,3,1,0,1,3,796,0,55000
2,2005.0,1,544,6,3,0,2,3,3,0,2,1,0,2,3,544,0,79000
1,1982.0,1,641,5,2,0,2,3,5,1,2,1,0,2,3,816,1,130500
1,1920.0,2,493,8,2,547,3,3,6,2,3,1,1208,2,2,1510,2,256000
1,1998.0,2,0,8,3,28,2,3,7,2,3,1,677,2,2,935,1,176500
1,2006.0,2,0,7,2,45,2,3,8,3,2,1,0,2,2,1588,1,227000
1,1976.0,1,483,6,3,0,2,3,5,2,3,1,0,2,3,911,0,132500
1,1958.0,1,690,3,3,0,2,3,4,1,3,1,0,2,3,816,1,100000
1,1951.0,1,0,6,3,65,2,3,5,1,2,1,557,2,3,803,0,125500
1,1970.0,1,765,7,3,36,2,3,5,2,3,1,600,2,3,765,0,125000
1,1977.0,2,686,6,3,16,2,3,6,2,3,1,0,2,2,1350,1,167900
1,1973.0,2,0,8,3,211,2,3,5,2,3,2,0,2,3,1656,0,135000
2,2005.0,1,0,4,3,20,4,3,4,0,4,1,0,1,3,693,0,52500
1,2002.0,2,700,8,2,91,2,3,7,2,2,1,941,2,2,916,0,200000
1,1972.0,1,360,5,3,0,2,3,5,1,3,1,0,2,3,864,0,128500
1,1974.0,1,0,5,3,0,2,3,4,4,3,1,0,2,3,858,0,123000
1,2004.0,1,814,6,3,78,2,3,6,2,2,1,0,2,2,1114,0,155000
1,2002.0,2,0,7,2,87,2,3,8,2,2,1,885,2,2,1284,1,228500
2,1929.0,1,0,9,3,0,2,3,6,2,3,1,741,2,3,896,1,177000
1,2006.0,2,0,8,2,0,2,3,7,2,2,1,728,2,2,728,1,155835
1,1997.0,1,250,5,3,0,2,3,4,1,4,1,0,2,3,960,0,108500
1,1968.0,2,297,9,3,80,2,3,7,2,3,1,0,2,3,1568,1,262500
3,2006.0,2,80,7,2,0,2,3,8,3,2,1,0,2,1,1732,1,283463
4,1998.0,2,1443,5,2,25,2,3,7,2,2,1,0,2,2,1482,1,215000
1,2005.0,2,259,8,3,54,5,3,8,0,3,1,1215,1,3,684,0,122000
1,1969.0,2,500,12,3,0,2,3,5,4,3,2,1296,2,3,1248,0,200000
1,1962.0,1,319,8,3,84,2,3,6,2,3,1,858,2,3,858,1,171000
1,1999.0,1,0,4,2,0,2,3,6,2,3,1,390,2,3,698,0,134900
1,1996.0,2,816,9,2,86,2,3,8,3,2,1,1185,2,2,2033,1,410000
1,2000.0,2,735,7,2,184,2,3,7,3,2,1,873,2,2,992,1,235000
1,1968.0,3,0,8,3,98,2,3,7,2,2,1,698,2,3,570,1,170000
1,1966.0,1,340,5,3,0,2,3,5,1,3,1,0,2,3,864,0,110000
1,1971.0,1,734,6,3,0,2,3,5,2,3,1,0,2,3,1078,1,149900
1,2000.0,2,378,5,2,32,2,3,6,2,2,1,804,2,2,756,0,177500
1,2004.0,2,1447,8,2,45,2,3,9,3,1,1,0,2,1,1980,1,315000
1,1998.0,3,0,8,3,0,2,3,5,2,3,1,1611,2,3,612,0,189000
4,2005.0,2,1274,7,2,36,2,3,7,2,2,1,0,2,1,1530,1,260000
1,1920.0,2,0,7,3,0,2,3,4,1,3,1,457,2,3,715,1,104900
1,2007.0,2,0,6,3,36,2,3,6,2,2,1,796,2,2,616,1,156932
1,2005.0,2,0,4,2,166,2,3,7,2,2,1,600,2,2,600,0,144152
1,2000.0,2,533,7,2,96,2,3,7,2,2,1,860,2,2,814,0,216000
1,1999.0,2,633,7,2,88,2,3,7,2,2,1,908,2,2,873,0,193000
1,1977.0,2,548,6,3,26,2,3,5,1,3,1,550,2,3,757,1,127000
1,2003.0,1,685,4,2,0,2,3,6,2,2,1,0,2,2,848,0,144000
1,2003.0,2,370,8,2,262,2,3,8,2,2,1,0,2,2,1657,1,232000
1,1967.0,1,315,6,4,0,2,3,4,1,3,1,534,2,3,840,0,105000
1,1955.0,1,831,8,3,28,2,3,6,1,2,1,0,2,3,992,1,165500
1,1998.0,2,975,8,3,170,2,3,7,2,2,1,989,2,2,1108,1,274300
1,2001.0,2,1282,8,1,140,2,3,10,3,1,1,0,2,1,2633,2,466500
1,2005.0,2,0,9,2,210,2,3,7,3,2,1,932,2,2,1026,1,250000
3,2007.0,2,0,7,2,36,2,3,8,3,2,1,0,2,2,1571,1,239000
2,1925.0,1,384,4,3,141,2,3,6,1,3,1,0,1,2,768,0,91000
1,1977.0,2,408,6,3,68,2,3,5,2,3,1,620,2,3,984,0,117000
1,1973.0,1,309,5,3,0,2,3,6,1,3,1,504,2,3,483,0,83000
1,2007.0,2,0,7,3,0,2,3,5,2,2,1,640,2,2,384,0,167500
1,1938.0,1,203,5,3,0,2,3,3,1,3,1,0,1,3,864,0,58500
1,1970.0,2,865,7,3,42,2,3,6,2,3,1,0,2,3,1205,2,237500
1,1989.0,1,0,8,3,0,2,3,7,2,2,1,764,2,4,596,0,157000
1,2007.0,2,0,7,3,0,2,3,5,2,2,1,0,2,3,816,0,112000
1,1939.0,1,204,6,3,0,2,3,6,1,3,1,560,2,3,560,0,105000
1,1922.0,1,735,7,3,96,2,3,4,1,2,1,358,2,3,796,0,125500
1,1978.0,3,790,12,3,112,2,3,7,2,2,1,1392,2,2,1392,2,250000
1,1916.0,2,168,10,3,15,3,3,6,1,2,1,862,1,3,714,1,136000
3,2006.0,2,1320,7,1,39,2,3,9,3,1,1,0,2,1,1746,2,377500
1,2003.0,1,375,6,3,0,2,3,6,2,3,1,349,2,3,735,1,131000
1,2000.0,2,1400,6,2,36,2,3,7,2,2,1,0,2,2,1525,0,235000
1,1967.0,2,0,8,3,152,2,3,5,3,3,2,0,2,3,1584,0,124000
1,1967.0,1,769,6,3,144,2,3,5,1,3,1,0,2,3,864,1,123000
1,2003.0,2,0,7,3,25,2,3,6,2,3,2,691,1,4,482,1,163000
1,2006.0,2,1070,6,2,20,2,3,7,3,2,1,0,2,2,1356,1,246578
1,2005.0,2,0,9,2,39,2,3,8,3,2,1,1349,2,2,1094,1,281213
2,1966.0,1,353,7,3,0,2,3,5,2,3,1,0,2,3,747,2,160000
1,1933.0,1,0,8,3,0,2,3,5,1,3,1,574,2,3,939,0,137500
1,1950.0,1,180,7,3,0,2,3,5,1,3,1,768,2,3,1208,0,138000
1,1925.0,2,264,7,3,16,2,3,6,1,2,1,448,2,3,976,1,137450
1,1929.0,1,0,5,3,0,2,3,6,1,3,1,208,2,3,862,1,120000
1,2004.0,2,759,8,3,75,2,3,6,2,3,1,729,2,3,839,1,193000
1,2006.0,2,0,6,2,55,2,3,7,2,2,1,0,2,2,1286,1,193879
1,2007.0,2,929,6,2,160,2,3,8,3,2,1,0,2,2,1485,0,282922
1,1998.0,1,0,6,3,0,2,3,3,3,3,1,520,2,3,672,0,105000
3,2004.0,2,1373,5,2,53,2,3,8,2,2,1,0,2,1,1594,1,275000
1,1988.0,1,656,5,3,0,2,3,5,2,3,1,0,2,2,768,0,133000
1,2005.0,1,625,5,3,0,2,3,5,0,3,1,0,2,3,833,0,112000
1,1966.0,1,0,6,3,0,2,3,4,2,3,1,622,2,4,622,0,125500
1,1986.0,2,0,7,3,63,2,3,7,2,3,1,857,2,2,791,1,215000
1,2001.0,2,666,6,2,45,2,3,7,2,2,1,896,2,2,944,0,230000
1,1950.0,1,120,6,3,0,2,3,6,1,3,1,556,2,3,856,0,140000
1,1956.0,2,0,6,3,0,6,3,4,2,3,2,0,1,3,0,0,90000
1,2005.0,2,976,7,2,44,2,3,8,2,2,1,0,2,2,1844,1,257000
2,1922.0,1,0,8,3,0,2,3,6,2,2,1,795,2,3,833,1,207000
1,2007.0,2,988,7,2,20,2,3,7,3,2,1,0,2,2,1386,1,175900
1,1971.0,2,0,11,3,0,2,3,4,2,3,2,1044,2,3,777,0,122500
1,1998.0,2,781,7,2,126,2,3,8,3,2,1,1140,2,2,1284,1,340000
1,1962.0,1,25,6,3,88,2,3,5,1,3,1,0,2,3,1144,0,124000
1,1969.0,2,1110,7,2,73,2,3,6,2,2,1,0,2,3,1844,1,223000
1,1968.0,2,404,7,3,169,2,3,6,2,3,1,708,2,3,708,1,179900
1,1977.0,2,360,4,3,55,2,3,6,2,3,1,0,2,2,1069,1,127500
1,2003.0,1,686,3,2,0,2,3,6,2,2,1,0,2,2,848,0,136500
1,1966.0,2,0,8,2,236,2,3,6,2,2,1,626,2,2,697,1,274970
1,1970.0,1,457,6,3,28,2,3,5,1,3,1,0,2,3,1024,1,144000
1,1960.0,1,0,7,2,39,2,3,6,2,2,1,0,2,3,1252,0,142000
1,1994.0,2,1000,5,2,132,2,3,7,2,2,1,904,2,2,1223,2,271000
2,1962.0,1,580,6,3,0,2,3,5,1,3,1,510,2,3,913,1,140000
1,1940.0,1,510,4,3,0,2,3,5,1,2,1,0,2,3,788,2,119000
1,1981.0,2,678,7,2,0,2,3,6,2,2,1,0,2,2,1440,1,182900
1,2005.0,2,0,7,2,40,2,3,5,2,3,1,1104,2,2,732,1,192140
1,1976.0,2,958,5,3,60,2,3,6,2,3,1,0,2,2,958,0,143750
1,1928.0,2,0,5,3,0,2,3,4,1,3,1,0,2,3,656,0,64500
1,2000.0,2,0,8,3,0,2,3,6,2,3,1,830,2,2,936,1,186500
4,1977.0,2,936,5,3,41,2,3,5,2,3,1,0,2,3,1126,1,160000
1,1962.0,1,0,7,2,36,2,3,6,2,2,1,0,2,3,1319,1,174000
1,1974.0,1,616,5,3,0,2,3,4,2,3,1,0,2,3,864,0,120500
1,2008.0,2,1336,7,1,66,2,3,8,3,1,1,0,2,1,1932,1,394617
1,1957.0,1,600,6,3,158,2,3,6,2,3,1,0,2,3,912,0,149700
1,1979.0,2,315,6,3,88,2,3,7,2,3,1,685,2,3,539,1,197000
2,1993.0,2,0,11,3,0,2,3,6,2,3,1,748,2,1,588,1,191000
1,2004.0,1,697,3,2,0,2,3,6,2,2,1,0,2,2,848,1,149300
1,2008.0,2,765,10,1,52,2,3,10,3,1,1,981,2,1,1017,1,310000
1,1916.0,1,0,4,3,98,4,3,6,1,4,1,0,1,3,952,1,121000
1,2004.0,2,0,7,2,60,2,3,7,2,2,1,0,2,2,1422,0,179600
1,1990.0,1,187,6,3,0,2,3,6,1,3,1,0,2,3,814,0,129000
1,1962.0,1,593,6,3,39,2,3,5,1,3,1,0,2,3,1188,0,157900
1,1995.0,2,1079,8,2,65,2,3,8,2,2,1,870,2,2,1220,1,240000
1,1950.0,1,0,6,3,24,2,3,4,1,3,1,550,1,4,560,0,112000
1,2005.0,1,553,3,3,0,2,3,5,0,1,1,0,2,2,630,0,92000
1,2005.0,2,0,8,3,45,2,3,5,0,3,2,896,2,2,896,0,136000
1,2008.0,2,0,7,2,36,2,3,8,3,1,1,0,2,2,1573,1,287090
1,2005.0,1,547,5,3,28,2,3,5,2,3,1,0,2,2,547,0,145000
1,2005.0,1,0,6,3,56,2,3,5,0,3,1,0,2,2,1140,0,84500
1,2004.0,2,410,6,2,113,2,3,7,2,2,1,0,2,2,1221,0,185000
1,1999.0,2,0,7,3,40,2,3,6,2,3,1,694,2,2,953,1,175000
1,1978.0,2,790,7,3,0,2,3,6,2,3,1,0,2,2,1542,2,210000
1,1941.0,2,275,9,1,60,2,3,7,1,2,1,1152,2,3,1152,2,266500
1,1950.0,1,49,5,3,0,2,3,5,1,2,1,0,2,3,1078,0,142125
1,1965.0,1,830,6,2,68,2,3,5,1,3,1,0,2,3,1256,0,147500
